"       ""CD""      0.","       ""CL""       ",,,,,,,,,
4.217469781,10.79923897,,,,,,,,,
2.840874867,6.89779963,,,,,,,,,
2.535286489,6.231930683,,,,,,,,,
2.337332174,5.937394075,,,,,,,,,
2.099159833,5.566860888,,,,,,,,,
1.8078888,5.058770983,,,,,,,,,
1.474675343,4.415648809,,,,,,,,,
1.117488514,3.663365528,,,,,,,,,
0.756544941,2.837591615,,,,,,,,,
0.411997796,1.979092591,,,,,,,,,
0.101694312,1.130367488,,,,,,,,,
-0.160314068,0.331570985,,,,,,,,,
-0.364734651,-0.381418855,,,,,,,,,
-0.507700306,-0.979544258,,,,,,,,,
-0.590255524,-1.442065168,,,,,,,,,
-0.61724384,-1.75571732,,,,,,,,,
-0.596211613,-1.91494259,,,,,,,,,
-0.535951299,-1.921637105,,,,,,,,,
-0.445463286,-1.784520554,,,,,,,,,
-0.333716724,-1.519827588,,,,,,,,,
-0.208889919,-1.149046638,,,,,,,,,
-0.078345559,-0.699063088,,,,,,,,,
0.05139593,-0.200035288,,,,,,,,,
0.174737188,0.316673683,,,,,,,,,
0.286958511,0.82056159,,,,,,,,,
0.384022995,1.283733368,,,,,,,,,
0.462556531,1.68152225,,,,,,,,,
0.520045804,1.995160668,,,,,,,,,
0.554936666,2.212238007,,,,,,,,,
0.566579989,2.326663292,,,,,,,,,
0.555329796,2.33878782,,,,,,,,,
0.52272884,2.255565855,,,,,,,,,
0.471299697,2.088575837,,,,,,,,,
0.404691533,1.854645389,,,,,,,,,
0.327392595,1.573670952,,,,,,,,,
0.244530599,1.267192022,,,,,,,,,
0.161382912,0.956636784,,,,,,,,,
0.083111744,0.66216882,,,,,,,,,
0.014486042,0.40182244,,,,,,,,,
-0.040566593,0.190176443,,,,,,,,,
-0.079199487,0.037716944,,,,,,,,,
-0.099813475,-0.049528166,,,,,,,,,
-0.102150437,-0.070144109,,,,,,,,,
-0.087301556,-0.027333069,,,,,,,,,
-0.057431404,0.072109108,,,,,,,,,
-0.015347709,0.219068809,,,,,,,,,
0.035283824,0.401279553,,,,,,,,,
0.090427968,0.604989611,,,,,,,,,
0.14618264,0.816473211,,,,,,,,,
0.198893955,1.022455608,,,,,,,,,
0.245397004,1.210871674,,,,,,,,,
0.283176676,1.371589196,,,,,,,,,
0.31048596,1.496963594,,,,,,,,,
0.3263943,1.582133955,,,,,,,,,
0.330763558,1.625098868,,,,,,,,,
0.324200685,1.626701388,,,,,,,,,
0.307965422,1.590424215,,,,,,,,,
0.283775798,1.521753108,,,,,,,,,
0.253606683,1.427344998,,,,,,,,,
0.219758029,1.315464221,,,,,,,,,
0.184590795,1.194852429,,,,,,,,,
0.150348765,1.074065939,,,,,,,,,
0.119052255,0.961089044,,,,,,,,,
0.092351843,0.862598055,,,,,,,,,
0.071532807,0.784055149,,,,,,,,,
0.05746881,0.729342081,,,,,,,,,
0.050522678,0.700509543,,,,,,,,,
0.05060234,0.69785097,,,,,,,,,
0.057187733,0.719978939,,,,,,,,,
0.069406731,0.764087641,,,,,,,,,
0.086135618,0.826416155,,,,,,,,,
0.106078711,0.902329853,,,,,,,,,
0.127762072,0.986506498,,,,,,,,,
0.149708531,1.073467154,,,,,,,,,
0.170518882,1.157891173,,,,,,,,,
0.188963641,1.235051019,,,,,,,,,
0.204036618,1.300974297,,,,,,,,,
0.215006883,1.352671954,,,,,,,,,
0.221443191,1.388244286,,,,,,,,,
0.223223114,1.406938718,,,,,,,,,
0.220521903,1.409115777,,,,,,,,,
0.213783289,1.396147692,,,,,,,,,
0.203654606,1.370193389,,,,,,,,,
0.190945648,1.333999224,,,,,,,,,
0.176582853,1.290828623,,,,,,,,,
0.16155295,1.244196699,,,,,,,,,
0.146820972,1.197574232,,,,,,,,,
0.133267694,1.154163091,,,,,,,,,
0.121641281,1.116761805,,,,,,,,,
0.112516628,1.087575194,,,,,,,,,
0.106267619,1.068102739,,,,,,,,,
0.103063303,1.059158021,,,,,,,,,
0.10286491,1.060826009,,,,,,,,,
0.105443579,1.072516689,,,,,,,,,
0.110414449,1.093073299,,,,,,,,,
0.117283314,1.120946474,,,,,,,,,
0.125461592,1.154203644,,,,,,,,,
0.134302608,1.190628999,,,,,,,,,
0.143161138,1.227966293,,,,,,,,,
0.151439655,1.264087588,,,,,,,,,
0.158615607,1.297070317,,,,,,,,,
0.164277707,1.32532809,,,,,,,,,
0.168141382,1.347678548,,,,,,,,,
0.170052447,1.363388589,,,,,,,,,
0.169990636,1.372186889,,,,,,,,,
0.168066725,1.374259885,,,,,,,,,
0.164498789,1.37019193,,,,,,,,,
0.159590912,1.360900302,,,,,,,,,
0.153705994,1.347541989,,,,,,,,,
0.147243173,1.331446723,,,,,,,,,
0.140612592,1.31403628,,,,,,,,,
0.134208219,1.296720852,,,,,,,,,
0.128388896,1.280806296,,,,,,,,,
0.123447045,1.267409897,,,,,,,,,
0.119593638,1.257405092,,,,,,,,,
0.116958743,1.251392362,,,,,,,,,
0.115590492,1.249680665,,,,,,,,,
0.115448853,1.252284608,,,,,,,,,
0.116423642,1.258948532,,,,,,,,,
0.118337629,1.269177879,,,,,,,,,
0.120977313,1.282304945,,,,,,,,,
0.124093642,1.29752184,,,,,,,,,
0.127423848,1.313937207,,,,,,,,,
0.130709065,1.330640469,,,,,,,,,
0.133709654,1.34676035,,,,,,,,,
0.136221134,1.361523552,,,,,,,,,
0.138082442,1.374292235,,,,,,,,,
0.139184966,1.384594168,,,,,,,,,
0.139479348,1.392148134,,,,,,,,,
0.138967857,1.396859189,,,,,,,,,
0.137702701,1.398813401,,,,,,,,,
0.135776608,1.398256414,,,,,,,,,
0.133319855,1.39557451,,,,,,,,,
0.130487296,1.391254521,,,,,,,,,
0.12744735,1.385848962,,,,,,,,,
0.124366022,1.379938378,,,,,,,,,
0.121405662,1.374097725,,,,,,,,,
0.118712938,1.368857798,,,,,,,,,
0.11639885,1.364662352,,,,,,,,,
0.114545543,1.361860346,,,,,,,,,
0.113204728,1.360692715,,,,,,,,,
0.112391722,1.361277006,,,,,,,,,
0.112087235,1.363612135,,,,,,,,,
0.112241494,1.367585221,,,,,,,,,
0.112783037,1.372990834,,,,,,,,,
0.11361964,1.379545036,,,,,,,,,
0.114646866,1.38691014,,,,,,,,,
0.115756836,1.394719857,,,,,,,,,
0.116841772,1.40260167,,,,,,,,,
0.117803093,1.410202794,,,,,,,,,
0.118560111,1.417215235,,,,,,,,,
0.119048595,1.423383644,,,,,,,,,
0.119226794,1.428523677,,,,,,,,,
0.119076013,1.432526254,,,,,,,,,
0.11859977,1.435360625,,,,,,,,,
0.117820461,1.437066778,,,,,,,,,
0.116779743,1.437754168,,,,,,,,,
0.115532532,1.437583348,,,,,,,,,
0.114143176,1.436755533,,,,,,,,,
0.112678901,1.435494659,,,,,,,,,
0.111208081,1.434038746,,,,,,,,,
0.109794888,1.432619998,,,,,,,,,
0.108496601,1.43145009,,,,,,,,,
0.107357385,1.430705698,,,,,,,,,
0.10640908,1.430524954,,,,,,,,,
0.105669937,1.431001227,,,,,,,,,
0.105153228,1.432187999,,,,,,,,,
0.104846664,1.434078199,,,,,,,,,
0.104726508,1.4366183,,,,,,,,,
0.104762495,1.439721986,,,,,,,,,
0.104915692,1.443271969,,,,,,,,,
0.10514296,1.447128611,,,,,,,,,
0.105404179,1.451146461,,,,,,,,,
0.10565772,1.455176602,,,,,,,,,
0.105865302,1.459077903,,,,,,,,,
0.105994915,1.462727239,,,,,,,,,
0.106020986,1.466021491,,,,,,,,,
0.105926231,1.468886315,,,,,,,,,
0.105703235,1.471280516,,,,,,,,,
0.105355031,1.473196127,,,,,,,,,
0.104891899,1.474652893,,,,,,,,,
0.104330512,1.475695665,,,,,,,,,
0.103693072,1.476391448,,,,,,,,,
0.103005754,1.476823464,,,,,,,,,
0.102295652,1.477084024,,,,,,,,,
0.101589532,1.477269315,,,,,,,,,
0.100914072,1.477473867,,,,,,,,,
0.100292419,1.477782413,,,,,,,,,
0.099743342,1.478267728,,,,,,,,,
0.099280175,1.478986014,,,,,,,,,
0.098909364,1.47997387,,,,,,,,,
0.098631732,1.481247836,,,,,,,,,
0.098443342,1.482804072,,,,,,,,,
0.098336046,1.484622785,,,,,,,,,
0.098297729,1.486669179,,,,,,,,,
0.098313501,1.48889634,,,,,,,,,
0.098365189,1.491246796,,,,,,,,,
0.098432915,1.493657492,,,,,,,,,
0.098501657,1.496071058,,,,,,,,,
0.098555525,1.498431003,,,,,,,,,
0.098581036,1.500686965,,,,,,,,,
0.098567804,1.502798,,,,,,,,,
0.098508988,1.504734408,,,,,,,,,
0.098402064,1.506479749,,,,,,,,,
0.098248233,1.508031215,,,,,,,,,
0.09805229,1.50939846,,,,,,,,,
0.097821236,1.510600482,,,,,,,,,
0.09756412,1.511664148,,,,,,,,,
0.097292634,1.512626303,,,,,,,,,
0.097017634,1.513522016,,,,,,,,,
0.096750158,1.514389977,,,,,,,,,
0.096500869,1.515269234,,,,,,,,,
0.096279054,1.516194308,,,,,,,,,
0.09609184,1.517193929,,,,,,,,,
0.095944385,1.518290367,,,,,,,,,
0.095839433,1.519498216,,,,,,,,,
0.095777005,1.52082327,,,,,,,,,
0.095754769,1.522262712,,,,,,,,,
0.095768508,1.523806534,,,,,,,,,
0.095812865,1.525440247,,,,,,,,,
0.095881029,1.527143986,,,,,,,,,
0.09596576,1.528894205,,,,,,,,,
0.096059936,1.530666527,,,,,,,,,
0.096156569,1.532436847,,,,,,,,,
0.096248905,1.534180655,,,,,,,,,
0.096331383,1.535876091,,,,,,,,,
0.096399853,1.537506869,,,,,,,,,
0.096451177,1.539061006,,,,,,,,,
0.096483968,1.540532523,,,,,,,,,
0.096497721,1.541919054,,,,,,,,,
0.096493705,1.543223558,,,,,,,,,
0.096474209,1.544452152,,,,,,,,,
0.096443894,1.545615846,,,,,,,,,
0.096407004,1.546727287,,,,,,,,,
0.096365044,1.547798568,,,,,,,,,
0.096323332,1.548846231,,,,,,,,,
0.09628546,1.549884236,,,,,,,,,
0.096254663,1.550924516,,,,,,,,,
0.096233847,1.551978198,,,,,,,,,
0.09622469,1.553053164,,,,,,,,,
0.096228085,1.554154557,,,,,,,,,
0.09624391,1.555284106,,,,,,,,,
0.096270708,1.556439417,,,,,,,,,
0.096306323,1.557615416,,,,,,,,,
0.096348309,1.558805203,,,,,,,,,
0.096393666,1.559999673,,,,,,,,,
0.096439202,1.561188248,,,,,,,,,
0.096481357,1.562359793,,,,,,,,,
0.096517014,1.563503747,,,,,,,,,
0.096543312,1.564610418,,,,,,,,,
0.096557666,1.565670305,,,,,,,,,
0.096558464,1.566676354,,,,,,,,,
0.096544653,1.567623357,,,,,,,,,
0.096515859,1.568508836,,,,,,,,,
0.096472056,1.569332039,,,,,,,,,
0.096413808,1.570094113,,,,,,,,,
0.096342604,1.570798775,,,,,,,,,
0.096260152,1.571450724,,,,,,,,,
0.096167805,1.572054988,,,,,,,,,
0.096067076,1.572616376,,,,,,,,,
0.095959464,1.573140166,,,,,,,,,
0.095846291,1.573631523,,,,,,,,,
0.095728405,1.574094193,,,,,,,,,
0.095606494,1.574531356,,,,,,,,,
0.095481056,1.574945597,,,,,,,,,
0.095352287,1.575338694,,,,,,,,,
0.095219803,1.575710777,,,,,,,,,
0.095083232,1.576061113,,,,,,,,,
0.094941905,1.576388036,,,,,,,,,
0.094794825,1.576688521,,,,,,,,,
0.094640687,1.576958747,,,,,,,,,
0.094478165,1.577194727,,,,,,,,,
0.094306194,1.577391951,,,,,,,,,
0.094123978,1.577546321,,,,,,,,,
0.093930644,1.577654417,,,,,,,,,
0.093725344,1.577713306,,,,,,,,,
0.093507343,1.577720142,,,,,,,,,
0.093276491,1.577673257,,,,,,,,,
0.093032862,1.577571912,,,,,,,,,
0.092776766,1.577416436,,,,,,,,,
0.092511419,1.577211542,,,,,,,,,
0.092237316,1.576958921,,,,,,,,,
0.091951345,1.576655761,,,,,,,,,
0.091655542,1.57630554,,,,,,,,,
0.091351208,1.575912074,,,,,,,,,
0.091039957,1.575479481,,,,,,,,,
0.090722916,1.575010383,,,,,,,,,
0.090400761,1.574506771,,,,,,,,,
0.090073316,1.573970744,,,,,,,,,
0.089740801,1.573403201,,,,,,,,,
0.089403556,1.572804844,,,,,,,,,
0.08906217,1.572176644,,,,,,,,,
0.088716624,1.571519224,,,,,,,,,
0.088366984,1.570832547,,,,,,,,,
0.088013307,1.570117508,,,,,,,,,
0.087655587,1.569374211,,,,,,,,,
0.087294104,1.568602741,,,,,,,,,
0.086928927,1.567802287,,,,,,,,,
0.086559982,1.566971945,,,,,,,,,
0.086187151,1.566110935,,,,,,,,,
0.085810518,1.565218731,,,,,,,,,
0.085429876,1.564294798,,,,,,,,,
0.085045402,1.56333945,,,,,,,,,
0.084657238,1.56235376,,,,,,,,,
0.084265796,1.561338546,,,,,,,,,
0.083871915,1.560295161,,,,,,,,,
0.083476121,1.559225005,,,,,,,,,
0.083078928,1.558129748,,,,,,,,,
0.082680925,1.557011334,,,,,,,,,
0.082282965,1.555872371,,,,,,,,,
0.081885617,1.554715947,,,,,,,,,
0.081489945,1.553544793,,,,,,,,,
0.081096902,1.552361184,,,,,,,,,
0.080707205,1.551167392,,,,,,,,,
0.080321664,1.549965807,,,,,,,,,
0.07994087,1.54875829,,,,,,,,,
0.079564834,1.547545455,,,,,,,,,
0.079193237,1.546327287,,,,,,,,,
0.078825813,1.545103397,,,,,,,,,
0.078462405,1.543873484,,,,,,,,,
0.07810308,1.542637504,,,,,,,,,
0.077747943,1.541395878,,,,,,,,,
0.077397288,1.540149501,,,,,,,,,
0.077051565,1.53889922,,,,,,,,,
0.076711122,1.537646114,,,,,,,,,
0.076376403,1.536391473,,,,,,,,,
0.076047713,1.535135976,,,,,,,,,
0.075725375,1.533880401,,,,,,,,,
0.075409665,1.532625653,,,,,,,,,
0.07510076,1.531372524,,,,,,,,,
0.074798969,1.530122291,,,,,,,,,
0.074504632,1.52887651,,,,,,,,,
0.074218067,1.527636748,,,,,,,,,
0.073939498,1.526404411,,,,,,,,,
0.073669314,1.52518112,,,,,,,,,
0.073407803,1.523968219,,,,,,,,,
0.073155218,1.522766718,,,,,,,,,
0.072911556,1.521577196,,,,,,,,,
0.072676787,1.52040024,,,,,,,,,
0.072450959,1.519236176,,,,,,,,,
0.072233769,1.518084926,,,,,,,,,
0.072024995,1.516946512,,,,,,,,,
0.071824678,1.515821207,,,,,,,,,
0.071635519,1.514711928,,,,,,,,,
0.071455846,1.513616445,,,,,,,,,
0.071282129,1.512530311,,,,,,,,,
0.071113596,1.511452363,,,,,,,,,
0.070950891,1.510383464,,,,,,,,,
0.070794449,1.509324129,,,,,,,,,
0.070644496,1.508274658,,,,,,,,,
0.070501265,1.507235245,,,,,,,,,
0.070364906,1.50620629,,,,,,,,,
0.070235672,1.50518841,,,,,,,,,
0.070113845,1.504182633,,,,,,,,,
0.069999717,1.503189923,,,,,,,,,
0.06989341,1.502211277,,,,,,,,,
0.069794791,1.501247365,,,,,,,,,
0.069703714,1.500298415,,,,,,,,,
0.069619956,1.499364882,,,,,,,,,
0.069543313,1.498446889,,,,,,,,,
0.069473559,1.49754438,,,,,,,,,
0.069410379,1.49665722,,,,,,,,,
0.06935351,1.495785337,,,,,,,,,
0.069302793,1.494928411,,,,,,,,,
0.069258002,1.494086052,,,,,,,,,
0.069218917,1.493257916,,,,,,,,,
0.06918535,1.492443642,,,,,,,,,
0.069157015,1.491642556,,,,,,,,,
0.069133629,1.490853868,,,,,,,,,
0.069114923,1.490076849,,,,,,,,,
0.069100552,1.489310579,,,,,,,,,
0.069090198,1.488554554,,,,,,,,,
0.069083658,1.487808192,,,,,,,,,
0.06908069,1.48707095,,,,,,,,,
0.069081116,1.486342299,,,,,,,,,
0.06908477,1.485622115,,,,,,,,,
0.069091546,1.484910376,,,,,,,,,
0.069101319,1.484206939,,,,,,,,,
0.069114016,1.483511836,,,,,,,,,
0.06912957,1.482825263,,,,,,,,,
0.069147918,1.482147401,,,,,,,,,
0.069168984,1.481478468,,,,,,,,,
0.069192621,1.480818506,,,,,,,,,
0.069218873,1.480167833,,,,,,,,,
0.069247568,1.47952627,,,,,,,,,
0.069278549,1.478893665,,,,,,,,,
0.069311691,1.478269902,,,,,,,,,
0.069346871,1.477654866,,,,,,,,,
0.069383958,1.477048439,,,,,,,,,
0.069422837,1.476450423,,,,,,,,,
0.069463467,1.475860674,,,,,,,,,
0.069505671,1.475278829,,,,,,,,,
0.069549232,1.474704562,,,,,,,,,
0.069594089,1.474137777,,,,,,,,,
0.069640101,1.473578026,,,,,,,,,
0.069687089,1.473024768,,,,,,,,,
0.06973494,1.472477649,,,,,,,,,
0.069783603,1.471936336,,,,,,,,,
0.069832982,1.471400725,,,,,,,,,
0.069882988,1.470870856,,,,,,,,,
0.069933606,1.47034678,,,,,,,,,
0.069984806,1.469828679,,,,,,,,,
0.07003655,1.469316608,,,,,,,,,
0.070088825,1.468810644,,,,,,,,,
0.070141628,1.468311023,,,,,,,,,
0.070194868,1.467817668,,,,,,,,,
0.070248505,1.467330764,,,,,,,,,
0.070302476,1.466850337,,,,,,,,,
0.070356823,1.466376556,,,,,,,,,
0.070411489,1.465909241,,,,,,,,,
0.070466383,1.465448275,,,,,,,,,
0.070521431,1.464993558,,,,,,,,,
0.070576561,1.464544772,,,,,,,,,
0.070631655,1.464101713,,,,,,,,,
0.070686569,1.463664341,,,,,,,,,
0.07074113,1.463232721,,,,,,,,,
0.070795205,1.462806756,,,,,,,,,
0.070848933,1.462385808,,,,,,,,,
0.070902385,1.461969469,,,,,,,,,
0.07095544,1.461557934,,,,,,,,,
0.071007714,1.461151746,,,,,,,,,
0.071059323,1.460750235,,,,,,,,,
0.071110554,1.460352669,,,,,,,,,
0.071161432,1.45995977,,,,,,,,,
0.071211787,1.459572003,,,,,,,,,
0.071261519,1.459189305,,,,,,,,,
0.071310618,1.458811594,,,,,,,,,
0.071359012,1.458438673,,,,,,,,,
0.071406663,1.458070533,,,,,,,,,
0.071453917,1.457707636,,,,,,,,,
0.071502639,1.457352346,,,,,,,,,
0.071552228,1.457004131,,,,,,,,,
0.071602518,1.456662852,,,,,,,,,
0.071651008,1.456325277,,,,,,,,,
0.07169757,1.455991435,,,,,,,,,
0.071743119,1.455662746,,,,,,,,,
0.071788262,1.455339909,,,,,,,,,
0.071833248,1.455023317,,,,,,,,,
0.071878097,1.454712903,,,,,,,,,
0.07192272,1.454408461,,,,,,,,,
0.071966968,1.45410969,,,,,,,,,
0.07201067,1.453816279,,,,,,,,,
0.072053635,1.45352793,,,,,,,,,
0.072095698,1.453244544,,,,,,,,,
0.072136901,1.45296565,,,,,,,,,
0.072177202,1.452690931,,,,,,,,,
0.072216425,1.452420175,,,,,,,,,
0.072254383,1.452152932,,,,,,,,,
0.072290927,1.451888816,,,,,,,,,
0.072326066,1.451627794,,,,,,,,,
0.07235998,1.451370112,,,,,,,,,
0.072392814,1.451116189,,,,,,,,,
0.072424773,1.45086641,,,,,,,,,
0.072456012,1.450621058,,,,,,,,,
0.072486742,1.450380502,,,,,,,,,
0.072516994,1.450144841,,,,,,,,,
0.072546786,1.449914077,,,,,,,,,
0.07257612,1.449688361,,,,,,,,,
0.072604967,1.449467701,,,,,,,,,
0.072633245,1.449251959,,,,,,,,,
0.072660857,1.44904097,,,,,,,,,
0.072687731,1.448834713,,,,,,,,,
0.072713786,1.448633218,,,,,,,,,
0.072738959,1.448436386,,,,,,,,,
0.072763213,1.448244138,,,,,,,,,
0.072786499,1.448056327,,,,,,,,,
0.072808797,1.447872822,,,,,,,,,
0.072830063,1.447693456,,,,,,,,,
0.072850258,1.447517982,,,,,,,,,
0.072869336,1.447346012,,,,,,,,,
0.072887204,1.447177077,,,,,,,,,
0.072903764,1.44701078,,,,,,,,,
0.072918942,1.446846814,,,,,,,,,
0.072932745,1.446685113,,,,,,,,,
0.07294523,1.446525741,,,,,,,,,
0.072956505,1.446368887,,,,,,,,,
0.07296671,1.446214867,,,,,,,,,
0.072975964,1.446064018,,,,,,,,,
0.072984302,1.44591673,,,,,,,,,
0.07299182,1.445773025,,,,,,,,,
0.072998593,1.445632845,,,,,,,,,
0.073004646,1.445496263,,,,,,,,,
0.07300999,1.445363392,,,,,,,,,
0.073014638,1.445234327,,,,,,,,,
0.073018635,1.445109165,,,,,,,,,
0.073022001,1.444988,,,,,,,,,
0.07302473,1.444870854,,,,,,,,,
0.073026815,1.444757694,,,,,,,,,
0.073028222,1.444648445,,,,,,,,,
0.073028885,1.444543026,,,,,,,,,
0.07302875,1.444441331,,,,,,,,,
0.073027807,1.44434318,,,,,,,,,
0.073026036,1.444248334,,,,,,,,,
0.073023401,1.4441566,,,,,,,,,
0.073019901,1.444067836,,,,,,,,,
0.073015549,1.443981902,,,,,,,,,
0.073010319,1.443898661,,,,,,,,,
0.07300419,1.443817994,,,,,,,,,
0.072997169,1.443739873,,,,,,,,,
0.072989296,1.443664252,,,,,,,,,
0.072980594,1.44359109,,,,,,,,,
0.072971061,1.443520334,,,,,,,,,
0.072960734,1.443452066,,,,,,,,,
0.072949647,1.443386354,,,,,,,,,
0.072937832,1.443323245,,,,,,,,,
0.07292532,1.443262841,,,,,,,,,
0.072912141,1.443205241,,,,,,,,,
0.072898339,1.443150475,,,,,,,,,
0.0728839,1.443098522,,,,,,,,,
0.072868854,1.443049402,,,,,,,,,
0.072853239,1.443003188,,,,,,,,,
0.072837083,1.442959904,,,,,,,,,
0.072820391,1.442919491,,,,,,,,,
0.072803169,1.442881857,,,,,,,,,
0.072785429,1.442846972,,,,,,,,,
0.07276718,1.442814791,,,,,,,,,
0.072748424,1.442785243,,,,,,,,,
0.072729149,1.442758197,,,,,,,,,
0.072709335,1.442733562,,,,,,,,,
0.07268898,1.442711262,,,,,,,,,
0.07266813,1.442691309,,,,,,,,,
0.072646774,1.442673572,,,,,,,,,
0.072624889,1.442657994,,,,,,,,,
0.072602488,1.442644569,,,,,,,,,
0.072579596,1.442633381,,,,,,,,,
0.072556242,1.442624407,,,,,,,,,
0.072532394,1.442617527,,,,,,,,,
0.072508073,1.442612734,,,,,,,,,
0.07248331,1.442610068,,,,,,,,,
0.07245812,1.442609574,,,,,,,,,
0.072432542,1.442611243,,,,,,,,,
0.072406592,1.442615025,,,,,,,,,
0.07238027,1.442620886,,,,,,,,,
0.07235358,1.442628794,,,,,,,,,
0.072326536,1.442638726,,,,,,,,,
0.072299143,1.442650664,,,,,,,,,
0.072271412,1.442664596,,,,,,,,,
0.072243359,1.442680514,,,,,,,,,
0.072214998,1.442698393,,,,,,,,,
0.072186357,1.442718242,,,,,,,,,
0.072157444,1.442740042,,,,,,,,,
0.072128275,1.442763789,,,,,,,,,
0.072098853,1.442789443,,,,,,,,,
0.07206917,1.442816915,,,,,,,,,
0.072039212,1.442846167,,,,,,,,,
0.072008969,1.442877116,,,,,,,,,
0.071978442,1.442909732,,,,,,,,,
0.071947613,1.44294394,,,,,,,,,
0.071916503,1.442979669,,,,,,,,,
0.071885134,1.443016899,,,,,,,,,
0.071853497,1.443055619,,,,,,,,,
0.071821577,1.443095718,,,,,,,,,
0.071789385,1.443137137,,,,,,,,,
0.071756932,1.44317985,,,,,,,,,
0.071724232,1.443223846,,,,,,,,,
0.071691294,1.443269139,,,,,,,,,
0.071658128,1.443315719,,,,,,,,,
0.071624743,1.443363589,,,,,,,,,
0.071591137,1.443412712,,,,,,,,,
0.07155731,1.443463039,,,,,,,,,
0.071523254,1.443514542,,,,,,,,,
0.07148897,1.443567185,,,,,,,,,
0.071454454,1.443620926,,,,,,,,,
0.071419701,1.443675721,,,,,,,,,
0.071384738,1.443731568,,,,,,,,,
0.071349638,1.443788512,,,,,,,,,
0.07131441,1.443846506,,,,,,,,,
0.071279065,1.443905521,,,,,,,,,
0.071243579,1.443965495,,,,,,,,,
0.071207899,1.444026301,,,,,,,,,
0.071172018,1.44408787,,,,,,,,,
0.071135979,1.444150208,,,,,,,,,
0.071099934,1.444213503,,,,,,,,,
0.071064291,1.444278254,,,,,,,,,
0.071029779,1.444345414,,,,,,,,,
0.0709961,1.444414564,,,,,,,,,
0.070961156,1.444482797,,,,,,,,,
0.070926786,1.444552556,,,,,,,,,
0.070892056,1.444622507,,,,,,,,,
0.070856011,1.444691301,,,,,,,,,
0.070818999,1.444759391,,,,,,,,,
0.070781459,1.444827318,,,,,,,,,
0.070743596,1.444895355,,,,,,,,,
0.070705507,1.444963553,,,,,,,,,
0.070667225,1.445031921,,,,,,,,,
0.070628761,1.445100435,,,,,,,,,
0.070590128,1.445169076,,,,,,,,,
0.070551327,1.445237774,,,,,,,,,
0.070512371,1.445306501,,,,,,,,,
0.070473259,1.445375204,,,,,,,,,
0.070433983,1.44544383,,,,,,,,,
0.070394539,1.445512326,,,,,,,,,
0.070354916,1.445580635,,,,,,,,,
0.070315115,1.445648743,,,,,,,,,
0.070275142,1.445716641,,,,,,,,,
0.070234989,1.445784223,,,,,,,,,
0.070194651,1.445851437,,,,,,,,,
0.070154134,1.445918288,,,,,,,,,
0.070113446,1.445984735,,,,,,,,,
0.070072587,1.446050706,,,,,,,,,
0.07003157,1.446116196,,,,,,,,,
0.069990395,1.446181162,,,,,,,,,
0.069949051,1.446245524,,,,,,,,,
0.069907534,1.446309212,,,,,,,,,
0.069865848,1.4463722,,,,,,,,,
0.069824005,1.446434491,,,,,,,,,
0.069782025,1.446496102,,,,,,,,,
0.069739916,1.44655701,,,,,,,,,
0.069697682,1.446617203,,,,,,,,,
0.069655322,1.446676675,,,,,,,,,
0.069612837,1.446735427,,,,,,,,,
0.069570269,1.446793427,,,,,,,,,
0.069527628,1.446850664,,,,,,,,,
0.06948491,1.446907115,,,,,,,,,
0.06944211,1.446962726,,,,,,,,,
0.069399217,1.447017426,,,,,,,,,
0.069356228,1.447071167,,,,,,,,,
0.069313153,1.447123915,,,,,,,,,
0.069269967,1.447175597,,,,,,,,,
0.069226669,1.447226169,,,,,,,,,
0.069183266,1.447275583,,,,,,,,,
0.069139766,1.447323821,,,,,,,,,
0.069096188,1.447370901,,,,,,,,,
0.069052551,1.447416861,,,,,,,,,
0.069008873,1.44746169,,,,,,,,,
0.068965163,1.447505388,,,,,,,,,
0.068921455,1.447547996,,,,,,,,,
0.068877777,1.447589543,,,,,,,,,
0.068834132,1.447630014,,,,,,,,,
0.068790524,1.447669402,,,,,,,,,
0.068746955,1.447707678,,,,,,,,,
0.068703427,1.447744806,,,,,,,,,
0.068659947,1.447780769,,,,,,,,,
0.06861651,1.44781551,,,,,,,,,
0.068573117,1.447849002,,,,,,,,,
0.068529772,1.44788123,,,,,,,,,
0.06848648,1.447912206,,,,,,,,,
0.068443245,1.447941919,,,,,,,,,
0.068400072,1.447970311,,,,,,,,,
0.068356967,1.447997371,,,,,,,,,
0.068313942,1.448023117,,,,,,,,,
0.068270994,1.448047502,,,,,,,,,
0.068228127,1.448070511,,,,,,,,,
0.068185351,1.44809215,,,,,,,,,
0.068142673,1.448112406,,,,,,,,,
0.068100091,1.448131251,,,,,,,,,
0.068057626,1.448148696,,,,,,,,,
0.068015277,1.448164737,,,,,,,,,
0.067973036,1.448179364,,,,,,,,,
0.067930932,1.448192609,,,,,,,,,
0.06788897,1.448204448,,,,,,,,,
0.067847152,1.448214882,,,,,,,,,
0.06780548,1.448223939,,,,,,,,,
0.067763973,1.448231621,,,,,,,,,
0.067722645,1.448237923,,,,,,,,,
0.06768151,1.448242853,,,,,,,,,
0.067640566,1.448246395,,,,,,,,,
0.067599832,1.448248594,,,,,,,,,
0.067559309,1.44824945,,,,,,,,,
0.067519001,1.448248947,,,,,,,,,
0.067478909,1.448247071,,,,,,,,,
0.067439043,1.448243835,,,,,,,,,
0.067399409,1.448239253,,,,,,,,,
0.067360013,1.448233329,,,,,,,,,
0.067320855,1.448226033,,,,,,,,,
0.067281931,1.448217349,,,,,,,,,
0.067243234,1.448207268,,,,,,,,,
0.067204768,1.448195794,,,,,,,,,
0.067166543,1.448182944,,,,,,,,,
0.06712856,1.448168721,,,,,,,,,
0.067090821,1.448153124,,,,,,,,,
0.06705333,1.448136158,,,,,,,,,
0.067016102,1.448117848,,,,,,,,,
0.066979122,1.448098166,,,,,,,,,
0.066942401,1.448077139,,,,,,,,,
0.066905955,1.448054802,,,,,,,,,
0.066869796,1.448031192,,,,,,,,,
0.066833932,1.448006337,,,,,,,,,
0.066798357,1.447980218,,,,,,,,,
0.066763074,1.447952829,,,,,,,,,
0.066728086,1.44792419,,,,,,,,,
0.066693397,1.447894319,,,,,,,,,
0.066659011,1.447863211,,,,,,,,,
0.066624931,1.447830878,,,,,,,,,
0.066591166,1.447797358,,,,,,,,,
0.066557721,1.447762673,,,,,,,,,
0.066524595,1.447726839,,,,,,,,,
0.066491788,1.447689861,,,,,,,,,
0.0664593,1.447651748,,,,,,,,,
0.066427127,1.447612495,,,,,,,,,
0.066395267,1.447572137,,,,,,,,,
0.066363717,1.447530635,,,,,,,,,
0.066332476,1.447487996,,,,,,,,,
0.066301542,1.447444231,,,,,,,,,
0.06627091,1.447399346,,,,,,,,,
0.06624058,1.447353349,,,,,,,,,
0.06621055,1.44730626,,,,,,,,,
0.066180819,1.447258087,,,,,,,,,
0.066151388,1.447208842,,,,,,,,,
0.066122265,1.447158555,,,,,,,,,
0.066093457,1.447107256,,,,,,,,,
0.066064948,1.447054942,,,,,,,,,
0.066036744,1.447001641,,,,,,,,,
0.066008853,1.44694738,,,,,,,,,
0.065981281,1.44689218,,,,,,,,,
0.065954029,1.446836067,,,,,,,,,
0.065927087,1.44677906,,,,,,,,,
0.065900446,1.446721179,,,,,,,,,
0.065874115,1.44666242,,,,,,,,,
0.065848103,1.446602809,,,,,,,,,
0.065822407,1.446542357,,,,,,,,,
0.065797021,1.446481072,,,,,,,,,
0.065771941,1.446418967,,,,,,,,,
0.06574716,1.446356057,,,,,,,,,
0.065722675,1.446292344,,,,,,,,,
0.065698486,1.446227854,,,,,,,,,
0.06567459,1.446162619,,,,,,,,,
0.065650989,1.446096658,,,,,,,,,
0.065627678,1.44602998,,,,,,,,,
0.065604656,1.445962612,,,,,,,,,
0.065581923,1.445894588,,,,,,,,,
0.065559481,1.445825936,,,,,,,,,
0.065537321,1.445756651,,,,,,,,,
0.06551544,1.445686735,,,,,,,,,
0.065493834,1.445616203,,,,,,,,,
0.065472501,1.44554506,,,,,,,,,
0.065451452,1.445473312,,,,,,,,,
0.065430676,1.445401001,,,,,,,,,
0.065410158,1.445328144,,,,,,,,,
0.065389894,1.44525474,,,,,,,,,
0.065369878,1.445180806,,,,,,,,,
0.065350116,1.445106379,,,,,,,,,
0.065330611,1.445031491,,,,,,,,,
0.065311379,1.444956134,,,,,,,,,
0.0652924,1.444880357,,,,,,,,,
0.06527365,1.444804165,,,,,,,,,
0.065255139,1.444727588,,,,,,,,,
0.065236859,1.444650622,,,,,,,,,
0.065218812,1.444573295,,,,,,,,,
0.065200995,1.444495635,,,,,,,,,
0.065183406,1.444417666,,,,,,,,,
0.06516604,1.444339405,,,,,,,,,
0.065148893,1.44426087,,,,,,,,,
0.065131952,1.444182081,,,,,,,,,
0.065115214,1.444103053,,,,,,,,,
0.065098679,1.444023789,,,,,,,,,
0.065082339,1.443944294,,,,,,,,,
0.065066191,1.443864584,,,,,,,,,
0.065050233,1.443784684,,,,,,,,,
0.065034468,1.443704614,,,,,,,,,
0.065018891,1.443624387,,,,,,,,,
0.065003498,1.443544009,,,,,,,,,
0.064988284,1.443463492,,,,,,,,,
0.064973246,1.443382859,,,,,,,,,
0.064958378,1.44330212,,,,,,,,,
0.064943673,1.443221285,,,,,,,,,
0.064929132,1.44314038,,,,,,,,,
0.064914755,1.443059431,,,,,,,,,
0.064900545,1.442978468,,,,,,,,,
0.064886494,1.442897497,,,,,,,,,
0.064872596,1.442816526,,,,,,,,,
0.064858847,1.442735584,,,,,,,,,
0.064845239,1.442654678,,,,,,,,,
0.064831779,1.44257384,,,,,,,,,
0.064818462,1.442493086,,,,,,,,,
0.064805285,1.442412428,,,,,,,,,
0.064792249,1.442331867,,,,,,,,,
0.064779342,1.44225142,,,,,,,,,
0.064766554,1.442171109,,,,,,,,,
0.064753883,1.442090958,,,,,,,,,
0.064741324,1.442010981,,,,,,,,,
0.064728872,1.441931168,,,,,,,,,
0.064716523,1.441851534,,,,,,,,,
0.064704275,1.44177209,,,,,,,,,
0.064692125,1.441692847,,,,,,,,,
0.06468007,1.441613813,,,,,,,,,
0.064668109,1.441535006,,,,,,,,,
0.064656245,1.441456452,,,,,,,,,
0.064644474,1.441378157,,,,,,,,,
0.064632779,1.441300099,,,,,,,,,
0.064621169,1.441222312,,,,,,,,,
0.064609639,1.441144814,,,,,,,,,
0.064598183,1.441067628,,,,,,,,,
0.064586804,1.440990759,,,,,,,,,
0.0645755,1.440914231,,,,,,,,,
0.064564268,1.440838077,,,,,,,,,
0.064553106,1.440762294,,,,,,,,,
0.06454201,1.440686879,,,,,,,,,
0.064530973,1.440611853,,,,,,,,,
0.064519986,1.440537219,,,,,,,,,
0.06450905,1.440462986,,,,,,,,,
0.06449816,1.440389161,,,,,,,,,
0.064487318,1.440315742,,,,,,,,,
0.064476514,1.440242742,,,,,,,,,
0.06446574,1.440170165,,,,,,,,,
0.064454993,1.440098007,,,,,,,,,
0.064444272,1.440026277,,,,,,,,,
0.064433574,1.439954989,,,,,,,,,
0.064422899,1.439884151,,,,,,,,,
0.064412244,1.439813771,,,,,,,,,
0.064401604,1.439743848,,,,,,,,,
0.064390978,1.439674392,,,,,,,,,
0.064380363,1.439605408,,,,,,,,,
0.064369749,1.439536897,,,,,,,,,
0.064359143,1.439468887,,,,,,,,,
0.064348544,1.43940139,,,,,,,,,
0.064337955,1.439334395,,,,,,,,,
0.06432737,1.439267931,,,,,,,,,
0.06431678,1.439202012,,,,,,,,,
0.064306182,1.439136633,,,,,,,,,
0.064295571,1.439071791,,,,,,,,,
0.064284951,1.439007495,,,,,,,,,
0.064274321,1.438943745,,,,,,,,,
0.064263671,1.43888053,,,,,,,,,
0.064252996,1.438817845,,,,,,,,,
0.064242295,1.438755705,,,,,,,,,
0.06423157,1.438694125,,,,,,,,,
0.064220822,1.438633118,,,,,,,,,
0.064210048,1.438572668,,,,,,,,,
0.064199247,1.438512773,,,,,,,,,
0.064188419,1.438453441,,,,,,,,,
0.064177564,1.438394685,,,,,,,,,
0.064166679,1.43833651,,,,,,,,,
0.064155756,1.438278903,,,,,,,,,
0.064144787,1.438221872,,,,,,,,,
0.064133769,1.438165411,,,,,,,,,
0.064122698,1.438109532,,,,,,,,,
0.06411157,1.438054238,,,,,,,,,
0.064100383,1.437999526,,,,,,,,,
0.064089132,1.437945381,,,,,,,,,
0.064077814,1.437891791,,,,,,,,,
0.06406643,1.437838772,,,,,,,,,
0.064054983,1.43778632,,,,,,,,,
0.064043473,1.437734433,,,,,,,,,
0.064031894,1.437683102,,,,,,,,,
0.064020244,1.437632325,,,,,,,,,
0.064008524,1.43758211,,,,,,,,,
0.063996734,1.437532463,,,,,,,,,
0.063984874,1.437483392,,,,,,,,,
0.063972946,1.437434903,,,,,,,,,
0.063960946,1.437386992,,,,,,,,,
0.06394887,1.437339656,,,,,,,,,
0.063936716,1.437292892,,,,,,,,,
0.063924484,1.437246711,,,,,,,,,
0.063912171,1.437201111,,,,,,,,,
0.063899777,1.437156095,,,,,,,,,
0.063887297,1.437111647,,,,,,,,,
0.063874729,1.43706777,,,,,,,,,
0.063862072,1.437024468,,,,,,,,,
0.063849324,1.436981739,,,,,,,,,
0.063836487,1.436939581,,,,,,,,,
0.063823562,1.436897985,,,,,,,,,
0.063810557,1.436856964,,,,,,,,,
0.063797478,1.436816528,,,,,,,,,
0.063784327,1.436776672,,,,,,,,,
0.063771099,1.436737376,,,,,,,,,
0.063757789,1.436698625,,,,,,,,,
0.063744401,1.436660437,,,,,,,,,
0.063730941,1.436622828,,,,,,,,,
0.063717405,1.436585797,,,,,,,,,
0.063703789,1.436549325,,,,,,,,,
0.063690093,1.436513408,,,,,,,,,
0.063676313,1.436478032,,,,,,,,,
0.063662454,1.436443207,,,,,,,,,
0.063648516,1.436408925,,,,,,,,,
0.063634499,1.436375185,,,,,,,,,
0.06362041,1.436341997,,,,,,,,,
0.063606261,1.436309379,,,,,,,,,
0.063592073,1.43627738,,,,,,,,,
0.063577876,1.436246054,,,,,,,,,
0.063563713,1.436215429,,,,,,,,,
0.063549633,1.436185579,,,,,,,,,
0.063535695,1.436156592,,,,,,,,,
0.063521957,1.436128543,,,,,,,,,
0.063508448,1.436101475,,,,,,,,,
0.063495113,1.436075305,,,,,,,,,
0.063481683,1.436049635,,,,,,,,,
0.063467687,1.436023765,,,,,,,,,
0.063453126,1.435997692,,,,,,,,,
0.063438733,1.435972494,,,,,,,,,
0.063424872,1.435948711,,,,,,,,,
0.06341125,1.435925894,,,,,,,,,
0.0633973,1.435903197,,,,,,,,,
0.063382856,1.435880363,,,,,,,,,
0.063368072,1.435857615,,,,,,,,,
0.063353052,1.435835108,,,,,,,,,
0.063337849,1.435812918,,,,,,,,,
0.063322499,1.435791099,,,,,,,,,
0.063307025,1.435769668,,,,,,,,,
0.063291443,1.435748635,,,,,,,,,
0.063275767,1.435728009,,,,,,,,,
0.063260009,1.435707809,,,,,,,,,
0.06324418,1.435688049,,,,,,,,,
0.063228289,1.43566874,,,,,,,,,
0.063212341,1.435649877,,,,,,,,,
0.063196342,1.435631474,,,,,,,,,
0.063180293,1.435613519,,,,,,,,,
0.063164194,1.435596003,,,,,,,,,
0.063148044,1.435578924,,,,,,,,,
0.063131847,1.435562278,,,,,,,,,
0.063115605,1.435546062,,,,,,,,,
0.063099316,1.435530267,,,,,,,,,
0.063082981,1.435514884,,,,,,,,,
0.063066598,1.435499911,,,,,,,,,
0.063050173,1.435485342,,,,,,,,,
0.063033706,1.435471171,,,,,,,,,
0.063017202,1.435457398,,,,,,,,,
0.063000665,1.435444016,,,,,,,,,
0.062984091,1.43543101,,,,,,,,,
0.062967476,1.435418363,,,,,,,,,
0.062950818,1.435406066,,,,,,,,,
0.062934119,1.435394118,,,,,,,,,
0.062917382,1.435382522,,,,,,,,,
0.062900606,1.435371271,,,,,,,,,
0.062883795,1.435360363,,,,,,,,,
0.062866947,1.435349791,,,,,,,,,
0.062850065,1.435339542,,,,,,,,,
0.062833148,1.435329602,,,,,,,,,
0.062816199,1.435319965,,,,,,,,,
0.062799219,1.435310621,,,,,,,,,
0.062782206,1.435301557,,,,,,,,,
0.062765161,1.435292768,,,,,,,,,
0.062748084,1.435284244,,,,,,,,,
0.062730973,1.435275968,,,,,,,,,
0.062713826,1.435267925,,,,,,,,,
0.062696648,1.435260115,,,,,,,,,
0.062679442,1.435252534,,,,,,,,,
0.062662205,1.435245174,,,,,,,,,
0.062644945,1.435238038,,,,,,,,,
0.062627664,1.435231127,,,,,,,,,
0.06261036,1.435224421,,,,,,,,,
0.062593038,1.435217916,,,,,,,,,
0.062575701,1.435211619,,,,,,,,,
0.062558341,1.435205517,,,,,,,,,
0.06254096,1.435199592,,,,,,,,,
0.062523568,1.435193852,,,,,,,,,
0.062506163,1.435188287,,,,,,,,,
0.062488751,1.435182897,,,,,,,,,
0.062471332,1.435177667,,,,,,,,,
0.062453908,1.4351726,,,,,,,,,
0.062436483,1.435167698,,,,,,,,,
0.062419058,1.435162946,,,,,,,,,
0.06240163,1.435158338,,,,,,,,,
0.062384203,1.435153867,,,,,,,,,
0.062366779,1.435149528,,,,,,,,,
0.062349364,1.43514533,,,,,,,,,
0.06233196,1.435141271,,,,,,,,,
0.062314565,1.435137339,,,,,,,,,
0.062297175,1.435133505,,,,,,,,,
0.062279787,1.43512975,,,,,,,,,
0.062262401,1.435126064,,,,,,,,,
0.06224502,1.435122445,,,,,,,,,
0.062227649,1.435118899,,,,,,,,,
0.062210289,1.43511542,,,,,,,,,
0.062192941,1.435111998,,,,,,,,,
0.062175603,1.435108619,,,,,,,,,
0.062158278,1.43510528,,,,,,,,,
0.062140969,1.435101982,,,,,,,,,
0.062123679,1.435098724,,,,,,,,,
0.062106404,1.43509549,,,,,,,,,
0.06208915,1.43509228,,,,,,,,,
0.062071918,1.435089088,,,,,,,,,
0.062054709,1.43508591,,,,,,,,,
0.062037528,1.435082755,,,,,,,,,
0.062020376,1.435079622,,,,,,,,,
0.062003254,1.435076505,,,,,,,,,
0.061986158,1.435073381,,,,,,,,,
0.061969088,1.435070236,,,,,,,,,
0.061952045,1.435067071,,,,,,,,,
0.061935036,1.435063886,,,,,,,,,
0.061918064,1.435060682,,,,,,,,,
0.061901129,1.435057449,,,,,,,,,
0.061884235,1.435054184,,,,,,,,,
0.061867383,1.435050886,,,,,,,,,
0.061850576,1.435047553,,,,,,,,,
0.061833814,1.435044177,,,,,,,,,
0.061817097,1.435040751,,,,,,,,,
0.061800424,1.435037267,,,,,,,,,
0.061783796,1.43503372,,,,,,,,,
0.061767213,1.435030115,,,,,,,,,
0.061750678,1.435026442,,,,,,,,,
0.06173419,1.435022694,,,,,,,,,
0.061717751,1.435018871,,,,,,,,,
0.061701364,1.435014969,,,,,,,,,
0.061685028,1.43501098,,,,,,,,,
0.061668743,1.435006899,,,,,,,,,
0.061652512,1.435002723,,,,,,,,,
0.061636334,1.434998445,,,,,,,,,
0.061620214,1.434994069,,,,,,,,,
0.06160415,1.434989592,,,,,,,,,
0.061588143,1.434984999,,,,,,,,,
0.061572188,1.434980275,,,,,,,,,
0.061556291,1.434975428,,,,,,,,,
0.061540459,1.43497047,,,,,,,,,
0.061524685,1.434965389,,,,,,,,,
0.061508967,1.434960178,,,,,,,,,
0.061493306,1.434954821,,,,,,,,,
0.061477703,1.434949314,,,,,,,,,
0.061462162,1.434943658,,,,,,,,,
0.061446687,1.434937858,,,,,,,,,
0.061431273,1.434931909,,,,,,,,,
0.061415926,1.434925815,,,,,,,,,
0.061400652,1.434919585,,,,,,,,,
0.061385446,1.434913202,,,,,,,,,
0.061370309,1.434906658,,,,,,,,,
0.06135524,1.434899951,,,,,,,,,
0.06134024,1.434893078,,,,,,,,,
0.061325308,1.43488604,,,,,,,,,
0.061310452,1.43487885,,,,,,,,,
0.061295671,1.434871506,,,,,,,,,
0.061280967,1.434864002,,,,,,,,,
0.061266347,1.434856367,,,,,,,,,
0.061251813,1.434848595,,,,,,,,,
0.061237363,1.434840677,,,,,,,,,
0.061222993,1.434832606,,,,,,,,,
0.061208702,1.434824374,,,,,,,,,
0.061194484,1.434815966,,,,,,,,,
0.061180351,1.43480744,,,,,,,,,
0.0611663,1.434798764,,,,,,,,,
0.061152323,1.434789872,,,,,,,,,
0.061138426,1.434780792,,,,,,,,,
0.061124612,1.434771552,,,,,,,,,
0.061110878,1.434762165,,,,,,,,,
0.061097227,1.434752628,,,,,,,,,
0.06108366,1.43474294,,,,,,,,,
0.06107018,1.434733106,,,,,,,,,
0.061056787,1.434723117,,,,,,,,,
0.061043482,1.434712972,,,,,,,,,
0.061030269,1.434702676,,,,,,,,,
0.06101715,1.434692238,,,,,,,,,
0.061004121,1.43468165,,,,,,,,,
0.060991173,1.434670892,,,,,,,,,
0.060978301,1.434659956,,,,,,,,,
0.06096551,1.434648854,,,,,,,,,
0.060952802,1.434637602,,,,,,,,,
0.060940183,1.434626209,,,,,,,,,
0.060927653,1.434614683,,,,,,,,,
0.060915216,1.434603029,,,,,,,,,
0.060902873,1.434591251,,,,,,,,,
0.060890624,1.434579348,,,,,,,,,
0.060878467,1.434567321,,,,,,,,,
0.060866401,1.434555166,,,,,,,,,
0.060854424,1.43454288,,,,,,,,,
0.060842534,1.434530463,,,,,,,,,
0.060830734,1.434517922,,,,,,,,,
0.060819028,1.434505284,,,,,,,,,
0.060807419,1.434492547,,,,,,,,,
0.060795898,1.434479693,,,,,,,,,
0.060784463,1.434466709,,,,,,,,,
0.060773111,1.4344536,,,,,,,,,
0.060761843,1.434440377,,,,,,,,,
0.060750659,1.43442704,,,,,,,,,
0.060739561,1.434413588,,,,,,,,,
0.06072855,1.434400034,,,,,,,,,
0.060717627,1.43438638,,,,,,,,,
0.060706794,1.434372633,,,,,,,,,
0.060696047,1.434358787,,,,,,,,,
0.060685387,1.434344843,,,,,,,,,
0.060674812,1.4343308,,,,,,,,,
0.060664324,1.434316671,,,,,,,,,
0.060653922,1.434302465,,,,,,,,,
0.060643606,1.434288186,,,,,,,,,
0.060633376,1.434273839,,,,,,,,,
0.060623231,1.434259432,,,,,,,,,
0.060613171,1.434244964,,,,,,,,,
0.060603194,1.434230436,,,,,,,,,
0.060593301,1.434215852,,,,,,,,,
0.060583493,1.434201221,,,,,,,,,
0.060573766,1.434186539,,,,,,,,,
0.060564121,1.434171812,,,,,,,,,
0.060554556,1.434157044,,,,,,,,,
0.060545073,1.434142246,,,,,,,,,
0.060535674,1.434127425,,,,,,,,,
0.060526356,1.43411258,,,,,,,,,
0.060517117,1.434097707,,,,,,,,,
0.060507955,1.4340828,,,,,,,,,
0.060498865,1.434067858,,,,,,,,,
0.06048985,1.434052894,,,,,,,,,
0.060480916,1.434037927,,,,,,,,,
0.060472062,1.434022965,,,,,,,,,
0.060463285,1.434008012,,,,,,,,,
0.060454584,1.433993071,,,,,,,,,
0.060445955,1.43397814,,,,,,,,,
0.060437392,1.433963206,,,,,,,,,
0.060428897,1.433948278,,,,,,,,,
0.060420469,1.433933369,,,,,,,,,
0.060412111,1.433918489,,,,,,,,,
0.060403824,1.433903644,,,,,,,,,
0.060395609,1.433888843,,,,,,,,,
0.060387467,1.433874087,,,,,,,,,
0.060379393,1.43385937,,,,,,,,,
0.060371386,1.433844691,,,,,,,,,
0.060363442,1.433830049,,,,,,,,,
0.060355564,1.433815458,,,,,,,,,
0.060347748,1.43380092,,,,,,,,,
0.060339993,1.43378644,,,,,,,,,
0.060332298,1.433772025,,,,,,,,,
0.06032466,1.433757676,,,,,,,,,
0.06031708,1.433743405,,,,,,,,,
0.060309559,1.433729222,,,,,,,,,
0.060302094,1.433715126,,,,,,,,,
0.060294683,1.433701111,,,,,,,,,
0.060287323,1.433687175,,,,,,,,,
0.060280013,1.433673318,,,,,,,,,
0.060272754,1.433659558,,,,,,,,,
0.060265548,1.433645903,,,,,,,,,
0.060258399,1.433632357,,,,,,,,,
0.060251302,1.43361893,,,,,,,,,
0.060244262,1.433605629,,,,,,,,,
0.060237276,1.433592455,,,,,,,,,
0.060230342,1.43357941,,,,,,,,,
0.060223456,1.433566493,,,,,,,,,
0.060216612,1.433553698,,,,,,,,,
0.060209808,1.43354103,,,,,,,,,
0.060203047,1.433528502,,,,,,,,,
0.060196327,1.433516116,,,,,,,,,
0.060189648,1.433503882,,,,,,,,,
0.060183013,1.433491809,,,,,,,,,
0.060176422,1.433479906,,,,,,,,,
0.060169872,1.433468171,,,,,,,,,
0.060163358,1.433456592,,,,,,,,,
0.060156881,1.433445178,,,,,,,,,
0.06015044,1.433433935,,,,,,,,,
0.060144038,1.433422876,,,,,,,,,
0.060137665,1.43341198,,,,,,,,,
0.060131314,1.433401228,,,,,,,,,
0.060124985,1.433390624,,,,,,,,,
0.060118677,1.433380178,,,,,,,,,
0.060112391,1.433369893,,,,,,,,,
0.060106124,1.433359774,,,,,,,,,
0.060099876,1.433349825,,,,,,,,,
0.06009365,1.433340057,,,,,,,,,
0.060087444,1.433330468,,,,,,,,,
0.060081262,1.433321076,,,,,,,,,
0.060075105,1.43331189,,,,,,,,,
0.060068967,1.433302897,,,,,,,,,
0.060062842,1.433294093,,,,,,,,,
0.060056732,1.433285484,,,,,,,,,
0.060050637,1.433277075,,,,,,,,,
0.060044555,1.433268866,,,,,,,,,
0.060038484,1.433260855,,,,,,,,,
0.060032423,1.433253046,,,,,,,,,
0.060026374,1.433245442,,,,,,,,,
0.060020336,1.43323805,,,,,,,,,
0.060014313,1.433230879,,,,,,,,,
0.0600083,1.433223925,,,,,,,,,
0.060002294,1.433217174,,,,,,,,,
0.059996293,1.43321062,,,,,,,,,
0.059990292,1.433204264,,,,,,,,,
0.059984287,1.433198096,,,,,,,,,
0.059978274,1.433192108,,,,,,,,,
0.059972252,1.433186305,,,,,,,,,
0.059966222,1.433180696,,,,,,,,,
0.059960185,1.433175288,,,,,,,,,
0.059954142,1.433170089,,,,,,,,,
0.059948093,1.433165105,,,,,,,,,
0.059942037,1.433160335,,,,,,,,,
0.059935973,1.433155776,,,,,,,,,
0.059929898,1.433151424,,,,,,,,,
0.059923819,1.433147296,,,,,,,,,
0.059917737,1.433143394,,,,,,,,,
0.059911646,1.433139708,,,,,,,,,
0.059905545,1.433136234,,,,,,,,,
0.05989943,1.433132965,,,,,,,,,
0.0598933,1.433129905,,,,,,,,,
0.059887152,1.43312705,,,,,,,,,
0.05988099,1.433124405,,,,,,,,,
0.059874817,1.433121981,,,,,,,,,
0.059868629,1.433119778,,,,,,,,,
0.059862426,1.433117797,,,,,,,,,
0.059856206,1.433116038,,,,,,,,,
0.059849967,1.433114494,,,,,,,,,
0.059843701,1.433113153,,,,,,,,,
0.059837413,1.433112018,,,,,,,,,
0.059831107,1.433111102,,,,,,,,,
0.059824786,1.433110409,,,,,,,,,
0.05981845,1.433109945,,,,,,,,,
0.059812101,1.43310971,,,,,,,,,
0.059805735,1.433109694,,,,,,,,,
0.059799347,1.433109888,,,,,,,,,
0.059792936,1.433110292,,,,,,,,,
0.059786502,1.433110903,,,,,,,,,
0.059780047,1.433111723,,,,,,,,,
0.059773572,1.433112759,,,,,,,,,
0.05976708,1.433114018,,,,,,,,,
0.059760569,1.433115498,,,,,,,,,
0.059754038,1.433117197,,,,,,,,,
0.059747484,1.433119116,,,,,,,,,
0.059740912,1.433121265,,,,,,,,,
0.059734321,1.433123637,,,,,,,,,
0.059727709,1.433126224,,,,,,,,,
0.059721075,1.433129025,,,,,,,,,
0.05971442,1.433132044,,,,,,,,,
0.059707741,1.433135276,,,,,,,,,
0.059701035,1.433138705,,,,,,,,,
0.059694307,1.43314234,,,,,,,,,
0.059687558,1.433146179,,,,,,,,,
0.059680787,1.433150227,,,,,,,,,
0.059673999,1.4331545,,,,,,,,,
0.059667195,1.433159,,,,,,,,,
0.059660371,1.433163714,,,,,,,,,
0.059653527,1.433168639,,,,,,,,,
0.059646665,1.43317378,,,,,,,,,
0.059639787,1.433179143,,,,,,,,,
0.059632891,1.433184723,,,,,,,,,
0.059625978,1.433190514,,,,,,,,,
0.059619044,1.433196513,,,,,,,,,
0.059612092,1.433202721,,,,,,,,,
0.059605119,1.433209129,,,,,,,,,
0.059598125,1.433215735,,,,,,,,,
0.05959111,1.433222539,,,,,,,,,
0.059584074,1.433229541,,,,,,,,,
0.059577017,1.433236733,,,,,,,,,
0.05956994,1.433244118,,,,,,,,,
0.059562844,1.433251697,,,,,,,,,
0.059555731,1.433259473,,,,,,,,,
0.059548598,1.433267436,,,,,,,,,
0.059541443,1.433275575,,,,,,,,,
0.059534267,1.433283893,,,,,,,,,
0.059527073,1.433292389,,,,,,,,,
0.059519859,1.433301057,,,,,,,,,
0.059512626,1.433309895,,,,,,,,,
0.059505374,1.433318905,,,,,,,,,
0.059498103,1.433328083,,,,,,,,,
0.059490816,1.433337432,,,,,,,,,
0.059483511,1.433346947,,,,,,,,,
0.059476187,1.433356623,,,,,,,,,
0.059468849,1.433366464,,,,,,,,,
0.059461496,1.433376468,,,,,,,,,
0.059454128,1.433386629,,,,,,,,,
0.059446747,1.433396952,,,,,,,,,
0.059439349,1.433407427,,,,,,,,,
0.059431935,1.433418055,,,,,,,,,
0.059424499,1.433428814,,,,,,,,,
0.059417037,1.433439693,,,,,,,,,
0.059409551,1.433450693,,,,,,,,,
0.059402042,1.43346181,,,,,,,,,
0.059394518,1.433473064,,,,,,,,,
0.05938698,1.433484451,,,,,,,,,
0.059379426,1.433495972,,,,,,,,,
0.059371859,1.433507613,,,,,,,,,
0.059364277,1.43351937,,,,,,,,,
0.059356681,1.433531242,,,,,,,,,
0.05934907,1.433543224,,,,,,,,,
0.059341446,1.433555316,,,,,,,,,
0.059333809,1.433567518,,,,,,,,,
0.059326157,1.433579826,,,,,,,,,
0.059318493,1.433592239,,,,,,,,,
0.059310815,1.433604752,,,,,,,,,
0.059303122,1.433617357,,,,,,,,,
0.059295417,1.433630069,,,,,,,,,
0.059287704,1.433642887,,,,,,,,,
0.059279979,1.433655797,,,,,,,,,
0.059272242,1.433668786,,,,,,,,,
0.059264492,1.433681845,,,,,,,,,
0.059256725,1.433694963,,,,,,,,,
0.059248943,1.433708143,,,,,,,,,
0.059241153,1.433721397,,,,,,,,,
0.059233356,1.433734727,,,,,,,,,
0.059225551,1.433748125,,,,,,,,,
0.059217737,1.433761586,,,,,,,,,
0.059209913,1.433775103,,,,,,,,,
0.059202079,1.433788673,,,,,,,,,
0.059194234,1.433802293,,,,,,,,,
0.059186378,1.433815955,,,,,,,,,
0.059178518,1.433829676,,,,,,,,,
0.059170655,1.433843452,,,,,,,,,
0.059162782,1.433857261,,,,,,,,,
0.0591549,1.433871097,,,,,,,,,
0.05914701,1.433884958,,,,,,,,,
0.059139114,1.433898847,,,,,,,,,
0.059131213,1.433912766,,,,,,,,,
0.059123309,1.433926715,,,,,,,,,
0.059115407,1.433940704,,,,,,,,,
0.059107504,1.433954725,,,,,,,,,
0.059099599,1.433968769,,,,,,,,,
0.059091689,1.433982825,,,,,,,,,
0.059083776,1.433996889,,,,,,,,,
0.059075864,1.434010968,,,,,,,,,
0.059067954,1.434025066,,,,,,,,,
0.059060048,1.434039181,,,,,,,,,
0.059052144,1.43405331,,,,,,,,,
0.059044245,1.434067451,,,,,,,,,
0.05903635,1.4340816,,,,,,,,,
0.059028459,1.434095753,,,,,,,,,
0.059020572,1.434109903,,,,,,,,,
0.059012691,1.434124053,,,,,,,,,
0.05900482,1.434138211,,,,,,,,,
0.058996957,1.434152376,,,,,,,,,
0.058989103,1.434166535,,,,,,,,,
0.058981255,1.434180679,,,,,,,,,
0.058973415,1.434194805,,,,,,,,,
0.058965581,1.434208908,,,,,,,,,
0.058957753,1.434222988,,,,,,,,,
0.058949931,1.434237044,,,,,,,,,
0.058942115,1.434251074,,,,,,,,,
0.058934306,1.434265073,,,,,,,,,
0.058926505,1.434279044,,,,,,,,,
0.058918712,1.434292982,,,,,,,,,
0.058910929,1.434306888,,,,,,,,,
0.05890316,1.434320768,,,,,,,,,
0.058895405,1.434334621,,,,,,,,,
0.058887666,1.434348446,,,,,,,,,
0.058879949,1.434362263,,,,,,,,,
0.058872251,1.434376062,,,,,,,,,
0.058864572,1.434389827,,,,,,,,,
0.058856909,1.434403552,,,,,,,,,
0.058849264,1.434417232,,,,,,,,,
0.058841635,1.434430869,,,,,,,,,
0.058834023,1.434444465,,,,,,,,,
0.05882643,1.434458023,,,,,,,,,
0.058818856,1.434471547,,,,,,,,,
0.0588113,1.434485029,,,,,,,,,
0.05880376,1.434498461,,,,,,,,,
0.058796235,1.434511836,,,,,,,,,
0.058788718,1.434525137,,,,,,,,,
0.058781206,1.434538351,,,,,,,,,
0.058773698,1.434551472,,,,,,,,,
0.058766196,1.434564503,,,,,,,,,
0.058758704,1.434577445,,,,,,,,,
0.058751229,1.434590315,,,,,,,,,
0.058743771,1.434603108,,,,,,,,,
0.058736338,1.434615839,,,,,,,,,
0.058728929,1.434628503,,,,,,,,,
0.058721541,1.434641088,,,,,,,,,
0.058714174,1.434653586,,,,,,,,,
0.058706828,1.434665996,,,,,,,,,
0.058699504,1.434678325,,,,,,,,,
0.058692203,1.434690584,,,,,,,,,
0.058684926,1.434702776,,,,,,,,,
0.058677673,1.4347149,,,,,,,,,
0.058670442,1.434726956,,,,,,,,,
0.058663236,1.434738943,,,,,,,,,
0.058656055,1.434750863,,,,,,,,,
0.058648902,1.43476272,,,,,,,,,
0.058641778,1.434774516,,,,,,,,,
0.058634683,1.434786247,,,,,,,,,
0.058627615,1.434797909,,,,,,,,,
0.058620578,1.434809506,,,,,,,,,
0.058613573,1.434821045,,,,,,,,,
0.058606591,1.434832503,,,,,,,,,
0.058599637,1.434843888,,,,,,,,,
0.058592708,1.434855196,,,,,,,,,
0.058585805,1.43486642,,,,,,,,,
0.058578923,1.434877556,,,,,,,,,
0.058572066,1.434888604,,,,,,,,,
0.058565231,1.434899562,,,,,,,,,
0.058558419,1.434910428,,,,,,,,,
0.05855163,1.434921203,,,,,,,,,
0.058544865,1.434931885,,,,,,,,,
0.058538126,1.434942477,,,,,,,,,
0.058531413,1.434952987,,,,,,,,,
0.058524729,1.434963413,,,,,,,,,
0.058518074,1.434973753,,,,,,,,,
0.058511446,1.434984004,,,,,,,,,
0.058504848,1.434994169,,,,,,,,,
0.058498278,1.435004245,,,,,,,,,
0.058491737,1.435014241,,,,,,,,,
0.058485228,1.43502417,,,,,,,,,
0.058478751,1.435034033,,,,,,,,,
0.058472304,1.435043821,,,,,,,,,
0.058465883,1.435053528,,,,,,,,,
0.05845949,1.435063155,,,,,,,,,
0.058453126,1.435072705,,,,,,,,,
0.058446791,1.435082182,,,,,,,,,
0.058440486,1.435091582,,,,,,,,,
0.058434211,1.435100905,,,,,,,,,
0.058427966,1.43511015,,,,,,,,,
0.05842175,1.435119315,,,,,,,,,
0.058415564,1.435128399,,,,,,,,,
0.058409406,1.435137403,,,,,,,,,
0.058403278,1.435146326,,,,,,,,,
0.058397179,1.43515517,,,,,,,,,
0.058391107,1.43516393,,,,,,,,,
0.058385062,1.435172605,,,,,,,,,
0.058379044,1.4351812,,,,,,,,,
0.058373055,1.435189723,,,,,,,,,
0.058367096,1.435198173,,,,,,,,,
0.058361166,1.435206552,,,,,,,,,
0.058355265,1.43521486,,,,,,,,,
0.058349394,1.435223098,,,,,,,,,
0.058343551,1.435231264,,,,,,,,,
0.058337736,1.435239358,,,,,,,,,
0.05833195,1.435247386,,,,,,,,,
0.058326194,1.435255349,,,,,,,,,
0.058320467,1.435263246,,,,,,,,,
0.058314768,1.43527108,,,,,,,,,
0.058309099,1.435278848,,,,,,,,,
0.058303458,1.435286553,,,,,,,,,
0.058297847,1.435294195,,,,,,,,,
0.058292265,1.435301776,,,,,,,,,
0.058286712,1.435309298,,,,,,,,,
0.058281189,1.435316764,,,,,,,,,
0.058275695,1.435324172,,,,,,,,,
0.058270228,1.435331518,,,,,,,,,
0.058264786,1.435338801,,,,,,,,,
0.058259371,1.435346024,,,,,,,,,
0.058253982,1.435353189,,,,,,,,,
0.058248622,1.435360307,,,,,,,,,
0.058243288,1.43536737,,,,,,,,,
0.05823798,1.435374374,,,,,,,,,
0.058232695,1.435381318,,,,,,,,,
0.058227431,1.435388202,,,,,,,,,
0.058222192,1.435395035,,,,,,,,,
0.058216977,1.435401817,,,,,,,,,
0.058211789,1.435408557,,,,,,,,,
0.05820663,1.435415256,,,,,,,,,
0.058201498,1.435421916,,,,,,,,,
0.058196393,1.435428538,,,,,,,,,
0.058191318,1.435435126,,,,,,,,,
0.05818627,1.435441681,,,,,,,,,
0.058181248,1.435448195,,,,,,,,,
0.058176251,1.435454669,,,,,,,,,
0.05817128,1.435461113,,,,,,,,,
0.058166339,1.435467542,,,,,,,,,
0.058161425,1.435473949,,,,,,,,,
0.058156537,1.435480326,,,,,,,,,
0.058151674,1.435486667,,,,,,,,,
0.058146834,1.435492973,,,,,,,,,
0.058142017,1.435499252,,,,,,,,,
0.058137224,1.435505503,,,,,,,,,
0.058132451,1.435511726,,,,,,,,,
0.058127698,1.435517919,,,,,,,,,
0.058122966,1.435524084,,,,,,,,,
0.058118254,1.435530227,,,,,,,,,
0.058113562,1.435536346,,,,,,,,,
0.058108892,1.435542443,,,,,,,,,
0.058104243,1.435548524,,,,,,,,,
0.058099617,1.435554592,,,,,,,,,
0.058095015,1.435560648,,,,,,,,,
0.058090436,1.435566692,,,,,,,,,
0.058085881,1.435572728,,,,,,,,,
0.058081347,1.43557875,,,,,,,,,
0.058076833,1.435584758,,,,,,,,,
0.05807234,1.435590757,,,,,,,,,
0.058067869,1.435596749,,,,,,,,,
0.058063421,1.435602743,,,,,,,,,
0.05805899,1.435608725,,,,,,,,,
0.058054575,1.435614696,,,,,,,,,
0.058050178,1.435620664,,,,,,,,,
0.058045798,1.435626629,,,,,,,,,
0.058041436,1.435632589,,,,,,,,,
0.058037089,1.435638547,,,,,,,,,
0.05803276,1.435644504,,,,,,,,,
0.058028447,1.435650459,,,,,,,,,
0.058024149,1.43565641,,,,,,,,,
0.058019864,1.435662357,,,,,,,,,
0.058015594,1.435668302,,,,,,,,,
0.058011339,1.435674246,,,,,,,,,
0.058007098,1.435680193,,,,,,,,,
0.058002871,1.43568614,,,,,,,,,
0.057998656,1.435692084,,,,,,,,,
0.057994454,1.435698029,,,,,,,,,
0.057990268,1.435703985,,,,,,,,,
0.057986098,1.435709957,,,,,,,,,
0.057981945,1.435715946,,,,,,,,,
0.057977807,1.435721952,,,,,,,,,
0.057973691,1.435727992,,,,,,,,,
0.057969595,1.435734062,,,,,,,,,
0.057965514,1.43574015,,,,,,,,,
0.057961445,1.435746253,,,,,,,,,
0.057957386,1.435752368,,,,,,,,,
0.057953337,1.435758492,,,,,,,,,
0.057949298,1.435764625,,,,,,,,,
0.057945269,1.435770775,,,,,,,,,
0.05794125,1.435776944,,,,,,,,,
0.057937238,1.435783126,,,,,,,,,
0.057933233,1.435789318,,,,,,,,,
0.057929235,1.435795517,,,,,,,,,
0.057925242,1.435801724,,,,,,,,,
0.057921255,1.43580794,,,,,,,,,
0.057917273,1.435814166,,,,,,,,,
0.057913296,1.435820404,,,,,,,,,
0.057909326,1.435826655,,,,,,,,,
0.057905361,1.435832922,,,,,,,,,
0.057901403,1.43583921,,,,,,,,,
0.057897453,1.435845522,,,,,,,,,
0.057893512,1.435851861,,,,,,,,,
0.05788958,1.435858233,,,,,,,,,
0.057885658,1.435864639,,,,,,,,,
0.057881746,1.43587108,,,,,,,,,
0.057877844,1.435877555,,,,,,,,,
0.05787395,1.435884062,,,,,,,,,
0.057870063,1.4358906,,,,,,,,,
0.057866181,1.435897168,,,,,,,,,
0.057862304,1.435903763,,,,,,,,,
0.057858432,1.435910386,,,,,,,,,
0.057854563,1.435917034,,,,,,,,,
0.057850696,1.435923709,,,,,,,,,
0.057846829,1.435930404,,,,,,,,,
0.057842964,1.435937126,,,,,,,,,
0.057839099,1.435943869,,,,,,,,,
0.057835234,1.435950629,,,,,,,,,
0.057831372,1.435957415,,,,,,,,,
0.057827513,1.435964226,,,,,,,,,
0.057823654,1.43597106,,,,,,,,,
0.057819794,1.435977915,,,,,,,,,
0.057815935,1.435984793,,,,,,,,,
0.057812077,1.435991697,,,,,,,,,
0.057808221,1.435998627,,,,,,,,,
0.057804365,1.436005587,,,,,,,,,
0.057800512,1.436012585,,,,,,,,,
0.057796662,1.436019617,,,,,,,,,
0.057792811,1.436026672,,,,,,,,,
0.057788962,1.436033754,,,,,,,,,
0.057785114,1.436040863,,,,,,,,,
0.057781267,1.436048,,,,,,,,,
0.057777423,1.43605517,,,,,,,,,
0.05777358,1.436062373,,,,,,,,,
0.05776974,1.436069609,,,,,,,,,
0.0577659,1.43607688,,,,,,,,,
0.057762062,1.436084185,,,,,,,,,
0.057758222,1.436091522,,,,,,,,,
0.057754378,1.436098882,,,,,,,,,
0.057750533,1.436106274,,,,,,,,,
0.057746689,1.436113703,,,,,,,,,
0.057742844,1.436121162,,,,,,,,,
0.057738996,1.436128645,,,,,,,,,
0.057735145,1.436136153,,,,,,,,,
0.05773129,1.436143687,,,,,,,,,
0.057727434,1.436151246,,,,,,,,,
0.057723575,1.436158834,,,,,,,,,
0.057719713,1.436166448,,,,,,,,,
0.057715851,1.436174087,,,,,,,,,
0.057711986,1.436181748,,,,,,,,,
0.057708118,1.436189427,,,,,,,,,
0.057704246,1.436197125,,,,,,,,,
0.05770037,1.436204842,,,,,,,,,
0.057696489,1.436212577,,,,,,,,,
0.057692604,1.43622033,,,,,,,,,
0.05768871,1.436228096,,,,,,,,,
0.057684812,1.436235879,,,,,,,,,
0.057680914,1.436243694,,,,,,,,,
0.057677015,1.436251541,,,,,,,,,
0.057673114,1.436259416,,,,,,,,,
0.057669212,1.436267318,,,,,,,,,
0.057665306,1.436275242,,,,,,,,,
0.057661397,1.436283189,,,,,,,,,
0.057657486,1.436291164,,,,,,,,,
0.057653574,1.436299168,,,,,,,,,
0.057649659,1.43630719,,,,,,,,,
0.05764574,1.436315228,,,,,,,,,
0.057641816,1.43632328,,,,,,,,,
0.057637888,1.43633134,,,,,,,,,
0.057633953,1.436339406,,,,,,,,,
0.057630013,1.436347483,,,,,,,,,
0.057626069,1.436355573,,,,,,,,,
0.057622121,1.436363676,,,,,,,,,
0.057618167,1.436371791,,,,,,,,,
0.05761421,1.436379918,,,,,,,,,
0.057610247,1.436388055,,,,,,,,,
0.057606282,1.436396205,,,,,,,,,
0.057602313,1.43640437,,,,,,,,,
0.05759834,1.436412548,,,,,,,,,
0.057594367,1.436420742,,,,,,,,,
0.057590391,1.43642895,,,,,,,,,
0.057586412,1.436437167,,,,,,,,,
0.057582429,1.436445391,,,,,,,,,
0.057578442,1.436453624,,,,,,,,,
0.057574453,1.436461866,,,,,,,,,
0.057570463,1.436470121,,,,,,,,,
0.05756647,1.436478387,,,,,,,,,
0.057562476,1.436486662,,,,,,,,,
0.057558481,1.436494951,,,,,,,,,
0.057554486,1.436503256,,,,,,,,,
0.05755049,1.436511571,,,,,,,,,
0.057546491,1.43651989,,,,,,,,,
0.057542489,1.436528206,,,,,,,,,
0.057538484,1.436536526,,,,,,,,,
0.057534478,1.436544849,,,,,,,,,
0.057530472,1.436553179,,,,,,,,,
0.057526465,1.436561514,,,,,,,,,
0.057522455,1.436569849,,,,,,,,,
0.057518442,1.436578182,,,,,,,,,
0.057514429,1.43658652,,,,,,,,,
0.057510415,1.436594863,,,,,,,,,
0.057506402,1.436603209,,,,,,,,,
0.057502388,1.436611558,,,,,,,,,
0.057498376,1.436619913,,,,,,,,,
0.057494365,1.436628272,,,,,,,,,
0.057490352,1.436636626,,,,,,,,,
0.057486337,1.436644975,,,,,,,,,
0.05748232,1.436653316,,,,,,,,,
0.057478304,1.436661656,,,,,,,,,
0.05747429,1.436669999,,,,,,,,,
0.057470279,1.436678347,,,,,,,,,
0.057466272,1.436686701,,,,,,,,,
0.057462266,1.436695054,,,,,,,,,
0.05745826,1.436703398,,,,,,,,,
0.057454254,1.436711732,,,,,,,,,
0.057450249,1.436720057,,,,,,,,,
0.057446243,1.436728369,,,,,,,,,
0.057442237,1.436736665,,,,,,,,,
0.057438231,1.436744946,,,,,,,,,
0.057434225,1.436753212,,,,,,,,,
0.057430219,1.436761465,,,,,,,,,
0.057426214,1.436769707,,,,,,,,,
0.057422212,1.436777938,,,,,,,,,
0.05741821,1.436786156,,,,,,,,,
0.057414211,1.436794359,,,,,,,,,
0.057410215,1.436802552,,,,,,,,,
0.057406222,1.436810734,,,,,,,,,
0.057402231,1.4368189,,,,,,,,,
0.057398241,1.436827049,,,,,,,,,
0.057394256,1.436835188,,,,,,,,,
0.057390275,1.436843317,,,,,,,,,
0.057386299,1.436851434,,,,,,,,,
0.057382327,1.436859537,,,,,,,,,
0.05737836,1.436867624,,,,,,,,,
0.057374394,1.436875688,,,,,,,,,
0.057370432,1.436883735,,,,,,,,,
0.057366476,1.436891767,,,,,,,,,
0.057362524,1.436899781,,,,,,,,,
0.057358577,1.436907776,,,,,,,,,
0.057354636,1.436915756,,,,,,,,,
0.0573507,1.43692372,,,,,,,,,
0.057346768,1.436931662,,,,,,,,,
0.05734284,1.436939577,,,,,,,,,
0.057338914,1.436947462,,,,,,,,,
0.057334993,1.436955326,,,,,,,,,
0.057331078,1.436963169,,,,,,,,,
0.057327165,1.436970981,,,,,,,,,
0.057323258,1.436978765,,,,,,,,,
0.057319355,1.436986518,,,,,,,,,
0.057315455,1.436994239,,,,,,,,,
0.057311559,1.437001925,,,,,,,,,
0.057307665,1.437009577,,,,,,,,,
0.057303778,1.4370172,,,,,,,,,
0.057299897,1.437024796,,,,,,,,,
0.057296024,1.437032369,,,,,,,,,
0.05729216,1.437039916,,,,,,,,,
0.057288303,1.437047435,,,,,,,,,
0.057284455,1.437054928,,,,,,,,,
0.057280614,1.437062394,,,,,,,,,
0.057276783,1.437069835,,,,,,,,,
0.057272957,1.437077244,,,,,,,,,
0.057269139,1.437084624,,,,,,,,,
0.057265331,1.437091981,,,,,,,,,
0.057261531,1.437099311,,,,,,,,,
0.057257739,1.437106611,,,,,,,,,
0.057253955,1.437113879,,,,,,,,,
0.057250177,1.437121113,,,,,,,,,
0.057246407,1.437128312,,,,,,,,,
0.057242643,1.437135477,,,,,,,,,
0.057238887,1.437142605,,,,,,,,,
0.057235138,1.437149696,,,,,,,,,
0.057231396,1.437156749,,,,,,,,,
0.057227661,1.437163764,,,,,,,,,
0.057223934,1.437170743,,,,,,,,,
0.057220216,1.437177685,,,,,,,,,
0.057216507,1.437184591,,,,,,,,,
0.057212807,1.437191458,,,,,,,,,
0.057209114,1.437198287,,,,,,,,,
0.057205429,1.437205076,,,,,,,,,
0.057201752,1.437211824,,,,,,,,,
0.057198084,1.437218534,,,,,,,,,
0.057194426,1.437225209,,,,,,,,,
0.057190777,1.437231848,,,,,,,,,
0.057187139,1.437238453,,,,,,,,,
0.057183511,1.437245025,,,,,,,,,
0.057179893,1.437251561,,,,,,,,,
0.057176285,1.437258059,,,,,,,,,
0.057172687,1.437264517,,,,,,,,,
0.057169097,1.437270937,,,,,,,,,
0.057165517,1.437277317,,,,,,,,,
0.057161946,1.437283658,,,,,,,,,
0.057158386,1.43728996,,,,,,,,,
0.057154835,1.437296223,,,,,,,,,
0.057151295,1.437302444,,,,,,,,,
0.057147764,1.437308625,,,,,,,,,
0.057144244,1.437314767,,,,,,,,,
0.057140734,1.437320868,,,,,,,,,
0.057137234,1.437326928,,,,,,,,,
0.057133743,1.437332946,,,,,,,,,
0.057130262,1.437338923,,,,,,,,,
0.05712679,1.437344857,,,,,,,,,
0.057123327,1.437350748,,,,,,,,,
0.057119872,1.437356591,,,,,,,,,
0.057116425,1.437362392,,,,,,,,,
0.057112991,1.437368156,,,,,,,,,
0.057109568,1.43737388,,,,,,,,,
0.057106156,1.437379563,,,,,,,,,
0.057102754,1.437385205,,,,,,,,,
0.057099362,1.437390804,,,,,,,,,
0.057095981,1.437396363,,,,,,,,,
0.057092611,1.437401881,,,,,,,,,
0.057089251,1.437407357,,,,,,,,,
0.057085902,1.437412792,,,,,,,,,
0.057082562,1.437418184,,,,,,,,,
0.057079232,1.43742353,,,,,,,,,
0.057075911,1.437428836,,,,,,,,,
0.057072602,1.437434102,,,,,,,,,
0.057069304,1.437439335,,,,,,,,,
0.057066017,1.437444528,,,,,,,,,
0.05706274,1.437449676,,,,,,,,,
0.057059472,1.437454776,,,,,,,,,
0.057056216,1.437459836,,,,,,,,,
0.057052971,1.437464848,,,,,,,,,
0.057049735,1.437469812,,,,,,,,,
0.057046508,1.437474733,,,,,,,,,
0.057043293,1.437479612,,,,,,,,,
0.057040089,1.437484454,,,,,,,,,
0.057036897,1.43748926,,,,,,,,,
0.057033716,1.437494029,,,,,,,,,
0.057030546,1.43749876,,,,,,,,,
0.057027388,1.437503456,,,,,,,,,
0.057024243,1.437508121,,,,,,,,,
0.05702111,1.437512753,,,,,,,,,
0.057017989,1.437517352,,,,,,,,,
0.057014881,1.437521919,,,,,,,,,
0.057011786,1.437526453,,,,,,,,,
0.057008702,1.43753095,,,,,,,,,
0.057005629,1.43753541,,,,,,,,,
0.057002569,1.437539836,,,,,,,,,
0.056999522,1.437544228,,,,,,,,,
0.056996486,1.437548588,,,,,,,,,
0.056993461,1.437552912,,,,,,,,,
0.056990448,1.437557201,,,,,,,,,
0.056987447,1.437561456,,,,,,,,,
0.056984459,1.437565681,,,,,,,,,
0.056981482,1.437569875,,,,,,,,,
0.056978515,1.437574032,,,,,,,,,
0.056975558,1.437578153,,,,,,,,,
0.056972611,1.43758224,,,,,,,,,
0.056969676,1.437586294,,,,,,,,,
0.056966752,1.437590318,,,,,,,,,
0.056963839,1.437594312,,,,,,,,,
0.056960939,1.437598277,,,,,,,,,
0.056958052,1.437602214,,,,,,,,,
0.056955175,1.43760612,,,,,,,,,
0.056952311,1.437609994,,,,,,,,,
0.056949457,1.437613839,,,,,,,,,
0.056946615,1.437617655,,,,,,,,,
0.056943785,1.437621445,,,,,,,,,
0.056940966,1.437625208,,,,,,,,,
0.056938158,1.43762894,,,,,,,,,
0.05693536,1.437632649,,,,,,,,,
0.056932573,1.437636331,,,,,,,,,
0.056929796,1.437639986,,,,,,,,,
0.05692703,1.437643615,,,,,,,,,
0.056924275,1.437647218,,,,,,,,,
0.056921531,1.437650797,,,,,,,,,
0.056918796,1.437654349,,,,,,,,,
0.056916074,1.437657879,,,,,,,,,
0.056913363,1.437661386,,,,,,,,,
0.056910661,1.437664866,,,,,,,,,
0.056907968,1.437668319,,,,,,,,,
0.056905284,1.437671745,,,,,,,,,
0.056902609,1.437675144,,,,,,,,,
0.056899943,1.437678517,,,,,,,,,
0.056897286,1.437681866,,,,,,,,,
0.05689464,1.437685192,,,,,,,,,
0.056892004,1.437688497,,,,,,,,,
0.056889377,1.437691779,,,,,,,,,
0.05688676,1.437695041,,,,,,,,,
0.056884152,1.43769828,,,,,,,,,
0.056881553,1.437701497,,,,,,,,,
0.056878965,1.437704696,,,,,,,,,
0.056876387,1.437707881,,,,,,,,,
0.056873821,1.437711053,,,,,,,,,
0.056871265,1.437714209,,,,,,,,,
0.056868717,1.437717343,,,,,,,,,
0.056866178,1.437720453,,,,,,,,,
0.056863647,1.437723544,,,,,,,,,
0.056861122,1.437726611,,,,,,,,,
0.056858605,1.437729657,,,,,,,,,
0.056856093,1.437732677,,,,,,,,,
0.056853589,1.43773568,,,,,,,,,
0.056851094,1.437738666,,,,,,,,,
0.056848607,1.437741638,,,,,,,,,
0.056846129,1.437744596,,,,,,,,,
0.05684366,1.437747538,,,,,,,,,
0.056841198,1.437750465,,,,,,,,,
0.056838745,1.437753378,,,,,,,,,
0.0568363,1.437756277,,,,,,,,,
0.056833863,1.43775916,,,,,,,,,
0.056831434,1.437762028,,,,,,,,,
0.056829014,1.437764884,,,,,,,,,
0.056826601,1.437767728,,,,,,,,,
0.056824197,1.437770561,,,,,,,,,
0.056821801,1.437773382,,,,,,,,,
0.056819412,1.437776192,,,,,,,,,
0.056817029,1.437778991,,,,,,,,,
0.056814654,1.437781779,,,,,,,,,
0.056812285,1.437784556,,,,,,,,,
0.056809922,1.437787321,,,,,,,,,
0.056807565,1.437790076,,,,,,,,,
0.056805216,1.437792822,,,,,,,,,
0.056802872,1.437795556,,,,,,,,,
0.056800535,1.437798282,,,,,,,,,
0.056798205,1.437801001,,,,,,,,,
0.05679588,1.437803709,,,,,,,,,
0.056793561,1.437806402,,,,,,,,,
0.056791247,1.43780908,,,,,,,,,
0.056788938,1.437811742,,,,,,,,,
0.056786634,1.437814393,,,,,,,,,
0.056784336,1.437817033,,,,,,,,,
0.056782044,1.437819666,,,,,,,,,
0.056779757,1.437822291,,,,,,,,,
0.056777475,1.437824908,,,,,,,,,
0.056775198,1.437827517,,,,,,,,,
0.056772927,1.437830122,,,,,,,,,
0.056770661,1.437832723,,,,,,,,,
0.056768401,1.437835319,,,,,,,,,
0.056766146,1.437837913,,,,,,,,,
0.056763899,1.437840506,,,,,,,,,
0.056761658,1.437843099,,,,,,,,,
0.056759423,1.43784569,,,,,,,,,
0.056757194,1.437848277,,,,,,,,,
0.05675497,1.43785086,,,,,,,,,
0.056752752,1.437853441,,,,,,,,,
0.056750538,1.437856018,,,,,,,,,
0.056748328,1.437858589,,,,,,,,,
0.056746123,1.437861155,,,,,,,,,
0.05674392,1.437863715,,,,,,,,,
0.056741722,1.437866269,,,,,,,,,
0.056739526,1.437868819,,,,,,,,,
0.056737334,1.437871361,,,,,,,,,
0.056735144,1.437873898,,,,,,,,,
0.056732959,1.437876432,,,,,,,,,
0.056730778,1.437878963,,,,,,,,,
0.056728599,1.437881489,,,,,,,,,
0.056726423,1.437884009,,,,,,,,,
0.056724251,1.437886528,,,,,,,,,
0.056722084,1.437889047,,,,,,,,,
0.056719922,1.437891567,,,,,,,,,
0.056717764,1.437894088,,,,,,,,,
0.056715611,1.43789661,,,,,,,,,
0.056713463,1.437899134,,,,,,,,,
0.05671132,1.437901662,,,,,,,,,
0.056709182,1.43790419,,,,,,,,,
0.056707046,1.437906717,,,,,,,,,
0.056704913,1.43790924,,,,,,,,,
0.056702784,1.437911766,,,,,,,,,
0.056700659,1.437914295,,,,,,,,,
0.056698537,1.437916825,,,,,,,,,
0.056696418,1.437919354,,,,,,,,,
0.056694301,1.437921882,,,,,,,,,
0.056692186,1.437924409,,,,,,,,,
0.056690072,1.437926933,,,,,,,,,
0.05668796,1.437929455,,,,,,,,,
0.056685849,1.437931974,,,,,,,,,
0.056683739,1.437934489,,,,,,,,,
0.05668163,1.437937,,,,,,,,,
0.056679523,1.437939508,,,,,,,,,
0.056677417,1.437942011,,,,,,,,,
0.056675312,1.437944512,,,,,,,,,
0.056673209,1.437947011,,,,,,,,,
0.056671107,1.437949507,,,,,,,,,
0.056669007,1.437952001,,,,,,,,,
0.05666691,1.437954495,,,,,,,,,
0.056664815,1.437956992,,,,,,,,,
0.056662722,1.43795949,,,,,,,,,
0.056660631,1.437961987,,,,,,,,,
0.056658542,1.437964484,,,,,,,,,
0.056656454,1.437966982,,,,,,,,,
0.056654367,1.437969478,,,,,,,,,
0.056652282,1.437971974,,,,,,,,,
0.056650198,1.437974467,,,,,,,,,
0.056648113,1.437976956,,,,,,,,,
0.056646029,1.437979444,,,,,,,,,
0.056643946,1.437981931,,,,,,,,,
0.056641864,1.437984415,,,,,,,,,
0.056639782,1.437986896,,,,,,,,,
0.0566377,1.437989374,,,,,,,,,
0.056635619,1.437991848,,,,,,,,,
0.056633537,1.437994318,,,,,,,,,
0.056631455,1.437996784,,,,,,,,,
0.056629373,1.437999245,,,,,,,,,
0.05662729,1.438001704,,,,,,,,,
0.056625208,1.438004159,,,,,,,,,
0.056623125,1.43800661,,,,,,,,,
0.056621043,1.438009058,,,,,,,,,
0.056618961,1.438011501,,,,,,,,,
0.056616879,1.43801394,,,,,,,,,
0.056614798,1.438016377,,,,,,,,,
0.056612718,1.438018812,,,,,,,,,
0.056610639,1.438021245,,,,,,,,,
0.056608561,1.438023677,,,,,,,,,
0.056606485,1.438026109,,,,,,,,,
0.056604411,1.438028544,,,,,,,,,
0.056602337,1.438030979,,,,,,,,,
0.056600264,1.438033409,,,,,,,,,
0.056598191,1.438035834,,,,,,,,,
0.056596119,1.438038256,,,,,,,,,
0.056594047,1.438040676,,,,,,,,,
0.056591977,1.438043095,,,,,,,,,
0.056589908,1.438045511,,,,,,,,,
0.056587839,1.438047926,,,,,,,,,
0.056585771,1.43805034,,,,,,,,,
0.056583704,1.438052751,,,,,,,,,
0.056581638,1.438055158,,,,,,,,,
0.056579572,1.438057561,,,,,,,,,
0.056577508,1.43805996,,,,,,,,,
0.056575444,1.438062355,,,,,,,,,
0.05657338,1.438064744,,,,,,,,,
0.056571317,1.438067128,,,,,,,,,
0.056569255,1.438069508,,,,,,,,,
0.056567194,1.438071885,,,,,,,,,
0.056565133,1.438074258,,,,,,,,,
0.056563074,1.438076626,,,,,,,,,
0.056561015,1.438078986,,,,,,,,,
0.056558956,1.43808134,,,,,,,,,
0.056556899,1.43808369,,,,,,,,,
0.056554844,1.438086039,,,,,,,,,
0.056552789,1.438088381,,,,,,,,,
0.056550735,1.438090718,,,,,,,,,
0.056548681,1.438093048,,,,,,,,,
0.056546627,1.438095372,,,,,,,,,
0.056544574,1.43809769,,,,,,,,,
0.056542524,1.438100007,,,,,,,,,
0.056540475,1.43810232,,,,,,,,,
0.056538427,1.438104626,,,,,,,,,
0.05653638,1.438106923,,,,,,,,,
0.056534332,1.43810921,,,,,,,,,
0.056532285,1.43811149,,,,,,,,,
0.056530239,1.438113763,,,,,,,,,
0.056528194,1.438116027,,,,,,,,,
0.05652615,1.438118283,,,,,,,,,
0.056524107,1.438120531,,,,,,,,,
0.056522065,1.438122772,,,,,,,,,
0.056520024,1.438125003,,,,,,,,,
0.056517983,1.438127224,,,,,,,,,
0.056515945,1.438129443,,,,,,,,,
0.05651391,1.438131658,,,,,,,,,
0.056511875,1.438133864,,,,,,,,,
0.056509842,1.438136057,,,,,,,,,
0.05650781,1.438138242,,,,,,,,,
0.056505782,1.438140422,,,,,,,,,
0.056503755,1.438142594,,,,,,,,,
0.056501729,1.438144755,,,,,,,,,
0.056499703,1.438146898,,,,,,,,,
0.056497676,1.438149023,,,,,,,,,
0.056495649,1.438151134,,,,,,,,,
0.056493622,1.438153233,,,,,,,,,
0.056491596,1.43815532,,,,,,,,,
0.056489572,1.438157395,,,,,,,,,
0.056487547,1.438159458,,,,,,,,,
0.056485524,1.438161509,,,,,,,,,
0.056483502,1.438163549,,,,,,,,,
0.056481482,1.438165581,,,,,,,,,
0.056479465,1.438167606,,,,,,,,,
0.05647745,1.43816962,,,,,,,,,
0.056475437,1.438171624,,,,,,,,,
0.056473426,1.438173617,,,,,,,,,
0.056471418,1.4381756,,,,,,,,,
0.056469414,1.438177576,,,,,,,,,
0.056467414,1.438179546,,,,,,,,,
0.056465417,1.438181507,,,,,,,,,
0.056463423,1.438183457,,,,,,,,,
0.056461431,1.438185396,,,,,,,,,
0.056459443,1.438187321,,,,,,,,,
0.056457457,1.438189236,,,,,,,,,
0.056455474,1.43819114,,,,,,,,,
0.056453494,1.43819303,,,,,,,,,
0.056451516,1.438194909,,,,,,,,,
0.05644954,1.438196775,,,,,,,,,
0.056447567,1.438198634,,,,,,,,,
0.056445598,1.438200483,,,,,,,,,
0.056443631,1.438202319,,,,,,,,,
0.056441667,1.43820414,,,,,,,,,
0.056439706,1.438205943,,,,,,,,,
0.056437747,1.438207731,,,,,,,,,
0.056435792,1.438209507,,,,,,,,,
0.056433841,1.438211269,,,,,,,,,
0.056431892,1.438213016,,,,,,,,,
0.056429947,1.438214747,,,,,,,,,
0.056428004,1.438216464,,,,,,,,,
0.056426064,1.438218166,,,,,,,,,
0.056424127,1.438219855,,,,,,,,,
0.056422192,1.438221528,,,,,,,,,
0.056420261,1.43822319,,,,,,,,,
0.056418333,1.438224837,,,,,,,,,
0.056416408,1.438226472,,,,,,,,,
0.056414489,1.438228099,,,,,,,,,
0.056412575,1.438229717,,,,,,,,,
0.056410666,1.438231325,,,,,,,,,
0.056408762,1.438232922,,,,,,,,,
0.056406863,1.438234507,,,,,,,,,
0.056404969,1.438236079,,,,,,,,,
0.056403079,1.438237637,,,,,,,,,
0.056401194,1.438239182,,,,,,,,,
0.056399313,1.438240712,,,,,,,,,
0.056397435,1.438242226,,,,,,,,,
0.056395561,1.438243723,,,,,,,,,
0.056393689,1.438245203,,,,,,,,,
0.056391821,1.438246666,,,,,,,,,
0.056389955,1.438248112,,,,,,,,,
0.056388093,1.438249542,,,,,,,,,
0.056386234,1.438250956,,,,,,,,,
0.056384378,1.438252352,,,,,,,,,
0.056382525,1.438253729,,,,,,,,,
0.056380674,1.438255088,,,,,,,,,
0.056378828,1.438256431,,,,,,,,,
0.056376986,1.438257758,,,,,,,,,
0.056375149,1.438259069,,,,,,,,,
0.056373315,1.438260364,,,,,,,,,
0.056371486,1.438261642,,,,,,,,,
0.056369662,1.438262904,,,,,,,,,
0.056367842,1.438264151,,,,,,,,,
0.056366027,1.438265382,,,,,,,,,
0.056364215,1.438266595,,,,,,,,,
0.056362407,1.43826779,,,,,,,,,
0.056360602,1.438268967,,,,,,,,,
0.056358802,1.438270132,,,,,,,,,
0.056357007,1.438271282,,,,,,,,,
0.056355215,1.438272415,,,,,,,,,
0.056353425,1.438273526,,,,,,,,,
0.056351638,1.438274613,,,,,,,,,
0.056349854,1.438275677,,,,,,,,,
0.056348074,1.438276721,,,,,,,,,
0.056346297,1.438277744,,,,,,,,,
0.056344523,1.438278745,,,,,,,,,
0.056342752,1.438279725,,,,,,,,,
0.056340984,1.438280684,,,,,,,,,
0.056339219,1.438281622,,,,,,,,,
0.056337457,1.43828254,,,,,,,,,
0.0563357,1.438283439,,,,,,,,,
0.056333946,1.438284319,,,,,,,,,
0.056332194,1.438285177,,,,,,,,,
0.056330447,1.438286017,,,,,,,,,
0.056328704,1.438286841,,,,,,,,,
0.056326966,1.438287647,,,,,,,,,
0.056325232,1.438288435,,,,,,,,,
0.056323503,1.438289206,,,,,,,,,
0.056321778,1.43828996,,,,,,,,,
0.056320058,1.4382907,,,,,,,,,
0.056318342,1.43829142,,,,,,,,,
0.056316629,1.438292119,,,,,,,,,
0.056314919,1.438292796,,,,,,,,,
0.056313213,1.438293452,,,,,,,,,
0.056311509,1.438294087,,,,,,,,,
0.056309808,1.438294699,,,,,,,,,
0.056308111,1.43829529,,,,,,,,,
0.056306416,1.438295859,,,,,,,,,
0.056304725,1.438296406,,,,,,,,,
0.056303036,1.438296932,,,,,,,,,
0.05630135,1.438297435,,,,,,,,,
0.056299668,1.438297917,,,,,,,,,
0.056297989,1.438298378,,,,,,,,,
0.056296314,1.438298819,,,,,,,,,
0.056294643,1.438299241,,,,,,,,,
0.056292975,1.438299642,,,,,,,,,
0.056291311,1.438300022,,,,,,,,,
0.05628965,1.438300383,,,,,,,,,
0.056287994,1.438300725,,,,,,,,,
0.056286341,1.438301047,,,,,,,,,
0.056284692,1.438301351,,,,,,,,,
0.056283047,1.438301635,,,,,,,,,
0.056281406,1.4383019,,,,,,,,,
0.056279769,1.438302146,,,,,,,,,
0.056278135,1.438302372,,,,,,,,,
0.056276505,1.438302578,,,,,,,,,
0.056274878,1.438302764,,,,,,,,,
0.056273254,1.43830293,,,,,,,,,
0.056271635,1.438303076,,,,,,,,,
0.056270018,1.438303201,,,,,,,,,
0.056268405,1.438303308,,,,,,,,,
0.056266796,1.438303397,,,,,,,,,
0.056265192,1.438303467,,,,,,,,,
0.05626359,1.438303516,,,,,,,,,
0.056261992,1.438303546,,,,,,,,,
0.056260398,1.438303557,,,,,,,,,
0.056258808,1.438303551,,,,,,,,,
0.056257222,1.438303526,,,,,,,,,
0.05625564,1.438303482,,,,,,,,,
0.056254061,1.43830342,,,,,,,,,
0.056252486,1.43830334,,,,,,,,,
0.056250915,1.438303241,,,,,,,,,
0.056249348,1.438303124,,,,,,,,,
0.056247784,1.438302989,,,,,,,,,
0.056246223,1.438302836,,,,,,,,,
0.056244666,1.438302667,,,,,,,,,
0.056243114,1.438302482,,,,,,,,,
0.056241565,1.438302278,,,,,,,,,
0.056240019,1.438302055,,,,,,,,,
0.056238477,1.438301814,,,,,,,,,
0.056236939,1.438301559,,,,,,,,,
0.056235407,1.438301293,,,,,,,,,
0.056233879,1.438301013,,,,,,,,,
0.056232354,1.438300716,,,,,,,,,
0.056230833,1.438300398,,,,,,,,,
0.056229314,1.438300059,,,,,,,,,
0.056227798,1.438299701,,,,,,,,,
0.056226288,1.438299328,,,,,,,,,
0.056224779,1.438298936,,,,,,,,,
0.056223273,1.438298524,,,,,,,,,
0.056221771,1.438298096,,,,,,,,,
0.056220273,1.438297653,,,,,,,,,
0.056218777,1.438297192,,,,,,,,,
0.056217284,1.438296714,,,,,,,,,
0.056215795,1.438296221,,,,,,,,,
0.056214309,1.438295714,,,,,,,,,
0.056212827,1.438295192,,,,,,,,,
0.056211349,1.438294659,,,,,,,,,
0.056209877,1.438294116,,,,,,,,,
0.056208409,1.438293557,,,,,,,,,
0.056206942,1.43829298,,,,,,,,,
0.056205479,1.438292387,,,,,,,,,
0.056204018,1.438291778,,,,,,,,,
0.05620256,1.438291152,,,,,,,,,
0.056201104,1.438290509,,,,,,,,,
0.056199652,1.438289851,,,,,,,,,
0.056198203,1.438289177,,,,,,,,,
0.056196757,1.438288486,,,,,,,,,
0.056195312,1.438287776,,,,,,,,,
0.056193869,1.438287048,,,,,,,,,
0.056192429,1.438286302,,,,,,,,,
0.056190991,1.438285538,,,,,,,,,
0.056189554,1.438284756,,,,,,,,,
0.05618812,1.438283958,,,,,,,,,
0.05618669,1.438283146,,,,,,,,,
0.056185262,1.438282319,,,,,,,,,
0.056183837,1.438281477,,,,,,,,,
0.056182415,1.438280622,,,,,,,,,
0.056180996,1.438279753,,,,,,,,,
0.056179581,1.438278873,,,,,,,,,
0.056178168,1.438277978,,,,,,,,,
0.056176758,1.438277068,,,,,,,,,
0.056175351,1.438276145,,,,,,,,,
0.056173948,1.43827521,,,,,,,,,
0.056172549,1.438274266,,,,,,,,,
0.056171152,1.438273307,,,,,,,,,
0.056169758,1.438272334,,,,,,,,,
0.056168365,1.438271347,,,,,,,,,
0.056166976,1.438270346,,,,,,,,,
0.056165589,1.438269333,,,,,,,,,
0.056164204,1.438268307,,,,,,,,,
0.056162822,1.438267269,,,,,,,,,
0.056161443,1.438266217,,,,,,,,,
0.056160066,1.438265153,,,,,,,,,
0.056158691,1.438264077,,,,,,,,,
0.056157319,1.438262989,,,,,,,,,
0.056155947,1.438261883,,,,,,,,,
0.056154579,1.438260768,,,,,,,,,
0.056153215,1.438259645,,,,,,,,,
0.056151854,1.438258511,,,,,,,,,
0.056150496,1.438257367,,,,,,,,,
0.056149141,1.438256217,,,,,,,,,
0.056147792,1.438255062,,,,,,,,,
0.056146446,1.438253899,,,,,,,,,
0.056145104,1.438252724,,,,,,,,,
0.056143764,1.438251538,,,,,,,,,
0.056142429,1.438250343,,,,,,,,,
0.056141096,1.438249139,,,,,,,,,
0.056139767,1.438247925,,,,,,,,,
0.05613844,1.438246703,,,,,,,,,
0.056137117,1.438245474,,,,,,,,,
0.056135797,1.438244239,,,,,,,,,
0.05613448,1.438242998,,,,,,,,,
0.056133165,1.438241749,,,,,,,,,
0.056131853,1.438240491,,,,,,,,,
0.056130544,1.438239226,,,,,,,,,
0.056129237,1.438237952,,,,,,,,,
0.056127934,1.438236671,,,,,,,,,
0.056126633,1.438235383,,,,,,,,,
0.056125334,1.438234086,,,,,,,,,
0.056124038,1.43823278,,,,,,,,,
0.056122744,1.438231466,,,,,,,,,
0.056121453,1.438230143,,,,,,,,,
0.056120163,1.438228812,,,,,,,,,
0.056118877,1.438227474,,,,,,,,,
0.056117592,1.438226126,,,,,,,,,
0.056116309,1.438224768,,,,,,,,,
0.056115029,1.438223404,,,,,,,,,
0.05611375,1.438222031,,,,,,,,,
0.056112475,1.438220654,,,,,,,,,
0.056111204,1.438219272,,,,,,,,,
0.056109935,1.438217884,,,,,,,,,
0.056108668,1.438216487,,,,,,,,,
0.056107404,1.438215086,,,,,,,,,
0.056106143,1.438213679,,,,,,,,,
0.056104884,1.438212267,,,,,,,,,
0.056103628,1.438210849,,,,,,,,,
0.056102375,1.438209426,,,,,,,,,
0.056101125,1.438207998,,,,,,,,,
0.056099877,1.438206564,,,,,,,,,
0.05609863,1.438205123,,,,,,,,,
0.056097386,1.438203676,,,,,,,,,
0.056096144,1.438202223,,,,,,,,,
0.056094905,1.438200764,,,,,,,,,
0.056093667,1.438199299,,,,,,,,,
0.056092431,1.438197828,,,,,,,,,
0.056091198,1.43819635,,,,,,,,,
0.056089967,1.438194867,,,,,,,,,
0.056088738,1.438193383,,,,,,,,,
0.056087512,1.438191895,,,,,,,,,
0.056086288,1.4381904,,,,,,,,,
0.056085066,1.438188896,,,,,,,,,
0.056083844,1.438187382,,,,,,,,,
0.056082625,1.438185862,,,,,,,,,
0.056081408,1.438184337,,,,,,,,,
0.056080193,1.438182805,,,,,,,,,
0.05607898,1.438181268,,,,,,,,,
0.056077769,1.438179726,,,,,,,,,
0.056076561,1.43817818,,,,,,,,,
0.056075354,1.43817663,,,,,,,,,
0.05607415,1.438175079,,,,,,,,,
0.056072951,1.438173529,,,,,,,,,
0.056071754,1.438171978,,,,,,,,,
0.05607056,1.438170422,,,,,,,,,
0.056069369,1.438168865,,,,,,,,,
0.05606818,1.438167303,,,,,,,,,
0.056066992,1.438165737,,,,,,,,,
0.056065807,1.438164166,,,,,,,,,
0.056064623,1.43816259,,,,,,,,,
0.056063442,1.438161009,,,,,,,,,
0.056062262,1.438159424,,,,,,,,,
0.056061085,1.438157835,,,,,,,,,
0.056059909,1.438156241,,,,,,,,,
0.056058736,1.438154643,,,,,,,,,
0.056057564,1.438153039,,,,,,,,,
0.056056394,1.438151431,,,,,,,,,
0.056055226,1.438149818,,,,,,,,,
0.056054059,1.4381482,,,,,,,,,
0.056052894,1.438146577,,,,,,,,,
0.05605173,1.438144945,,,,,,,,,
0.056050568,1.438143311,,,,,,,,,
0.056049408,1.438141675,,,,,,,,,
0.05604825,1.438140032,,,,,,,,,
0.056047093,1.438138384,,,,,,,,,
0.056045939,1.438136732,,,,,,,,,
0.056044786,1.438135075,,,,,,,,,
0.056043635,1.438133415,,,,,,,,,
0.056042487,1.438131753,,,,,,,,,
0.056041341,1.438130088,,,,,,,,,
0.056040198,1.438128421,,,,,,,,,
0.056039057,1.43812675,,,,,,,,,
0.056037917,1.438125075,,,,,,,,,
0.056036781,1.438123399,,,,,,,,,
0.056035647,1.43812172,,,,,,,,,
0.056034514,1.438120037,,,,,,,,,
0.056033383,1.438118347,,,,,,,,,
0.056032253,1.438116653,,,,,,,,,
0.056031125,1.438114955,,,,,,,,,
0.05603,1.438113256,,,,,,,,,
0.056028876,1.438111551,,,,,,,,,
0.056027753,1.438109841,,,,,,,,,
0.056026632,1.438108125,,,,,,,,,
0.056025512,1.438106403,,,,,,,,,
0.056024394,1.438104678,,,,,,,,,
0.056023278,1.438102948,,,,,,,,,
0.056022163,1.438101214,,,,,,,,,
0.056021051,1.438099476,,,,,,,,,
0.056019941,1.438097734,,,,,,,,,
0.056018833,1.438095987,,,,,,,,,
0.056017726,1.438094237,,,,,,,,,
0.056016622,1.438092482,,,,,,,,,
0.05601552,1.438090724,,,,,,,,,
0.056014421,1.438088963,,,,,,,,,
0.056013323,1.438087198,,,,,,,,,
0.056012227,1.438085429,,,,,,,,,
0.056011133,1.438083656,,,,,,,,,
0.056010041,1.438081881,,,,,,,,,
0.056008952,1.438080103,,,,,,,,,
0.056007865,1.438078321,,,,,,,,,
0.056006779,1.438076535,,,,,,,,,
0.056005696,1.438074745,,,,,,,,,
0.056004614,1.438072951,,,,,,,,,
0.056003535,1.438071153,,,,,,,,,
0.056002458,1.438069351,,,,,,,,,
0.056001383,1.438067547,,,,,,,,,
0.056000311,1.43806574,,,,,,,,,
0.055999241,1.438063928,,,,,,,,,
0.055998171,1.438062108,,,,,,,,,
0.055997104,1.438060285,,,,,,,,,
0.055996041,1.438058461,,,,,,,,,
0.055994979,1.438056633,,,,,,,,,
0.055993919,1.438054799,,,,,,,,,
0.055992862,1.438052963,,,,,,,,,
0.055991806,1.438051122,,,,,,,,,
0.055990753,1.438049278,,,,,,,,,
0.055989702,1.438047429,,,,,,,,,
0.055988654,1.438045578,,,,,,,,,
0.055987608,1.438043722,,,,,,,,,
0.055986565,1.438041864,,,,,,,,,
0.055985524,1.438040003,,,,,,,,,
0.055984486,1.438038139,,,,,,,,,
0.055983451,1.438036271,,,,,,,,,
0.055982418,1.438034399,,,,,,,,,
0.055981386,1.43803252,,,,,,,,,
0.055980357,1.43803064,,,,,,,,,
0.055979331,1.438028757,,,,,,,,,
0.055978308,1.438026871,,,,,,,,,
0.055977289,1.438024983,,,,,,,,,
0.055976272,1.438023093,,,,,,,,,
0.055975257,1.438021198,,,,,,,,,
0.055974245,1.438019298,,,,,,,,,
0.055973234,1.438017393,,,,,,,,,
0.055972226,1.438015483,,,,,,,,,
0.05597122,1.43801357,,,,,,,,,
0.055970217,1.438011653,,,,,,,,,
0.055969216,1.438009733,,,,,,,,,
0.055968218,1.438007808,,,,,,,,,
0.055967222,1.438005878,,,,,,,,,
0.055966228,1.438003944,,,,,,,,,
0.055965237,1.438002007,,,,,,,,,
0.055964249,1.438000067,,,,,,,,,
0.055963264,1.437998123,,,,,,,,,
0.055962281,1.437996175,,,,,,,,,
0.055961301,1.437994223,,,,,,,,,
0.055960324,1.437992268,,,,,,,,,
0.055959349,1.437990308,,,,,,,,,
0.055958377,1.437988343,,,,,,,,,
0.055957407,1.437986375,,,,,,,,,
0.055956441,1.437984403,,,,,,,,,
0.055955478,1.437982428,,,,,,,,,
0.055954517,1.43798045,,,,,,,,,
0.05595356,1.437978469,,,,,,,,,
0.055952605,1.437976483,,,,,,,,,
0.055951654,1.437974495,,,,,,,,,
0.055950705,1.437972502,,,,,,,,,
0.055949759,1.437970504,,,,,,,,,
0.055948815,1.437968502,,,,,,,,,
0.055947873,1.437966495,,,,,,,,,
0.055946936,1.437964488,,,,,,,,,
0.055946004,1.437962482,,,,,,,,,
0.055945075,1.437960474,,,,,,,,,
0.05594415,1.437958463,,,,,,,,,
0.055943227,1.437956448,,,,,,,,,
0.055942308,1.43795443,,,,,,,,,
0.055941391,1.437952407,,,,,,,,,
0.055940477,1.437950379,,,,,,,,,
0.055939566,1.437948347,,,,,,,,,
0.055938657,1.437946312,,,,,,,,,
0.055937752,1.437944276,,,,,,,,,
0.05593685,1.437942235,,,,,,,,,
0.05593595,1.437940191,,,,,,,,,
0.055935053,1.437938142,,,,,,,,,
0.055934159,1.437936088,,,,,,,,,
0.055933267,1.437934028,,,,,,,,,
0.055932378,1.437931962,,,,,,,,,
0.055931491,1.437929891,,,,,,,,,
0.055930607,1.437927815,,,,,,,,,
0.055929725,1.437925734,,,,,,,,,
0.055928846,1.437923648,,,,,,,,,
0.05592797,1.437921556,,,,,,,,,
0.055927096,1.437919462,,,,,,,,,
0.055926225,1.43791736,,,,,,,,,
0.055925354,1.43791525,,,,,,,,,
0.055924486,1.437913134,,,,,,,,,
0.055923621,1.437911013,,,,,,,,,
0.055922758,1.437908886,,,,,,,,,
0.055921898,1.437906756,,,,,,,,,
0.055921041,1.437904621,,,,,,,,,
0.055920187,1.437902482,,,,,,,,,
0.055919336,1.437900338,,,,,,,,,
0.055918487,1.437898189,,,,,,,,,
0.055917641,1.437896035,,,,,,,,,
0.055916797,1.437893876,,,,,,,,,
0.055915957,1.437891712,,,,,,,,,
0.055915118,1.437889542,,,,,,,,,
0.055914283,1.437887367,,,,,,,,,
0.05591345,1.437885187,,,,,,,,,
0.055912619,1.437883001,,,,,,,,,
0.055911792,1.437880811,,,,,,,,,
0.055910966,1.437878615,,,,,,,,,
0.055910143,1.437876414,,,,,,,,,
0.055909323,1.437874207,,,,,,,,,
0.055908506,1.437871997,,,,,,,,,
0.055907692,1.437869781,,,,,,,,,
0.05590688,1.43786756,,,,,,,,,
0.055906071,1.437865334,,,,,,,,,
0.055905265,1.437863104,,,,,,,,,
0.055904462,1.437860868,,,,,,,,,
0.055903661,1.437858626,,,,,,,,,
0.055902862,1.437856379,,,,,,,,,
0.055902067,1.437854128,,,,,,,,,
0.055901274,1.437851874,,,,,,,,,
0.055900483,1.437849614,,,,,,,,,
0.055899695,1.437847347,,,,,,,,,
0.055898909,1.437845071,,,,,,,,,
0.055898124,1.437842789,,,,,,,,,
0.055897342,1.4378405,,,,,,,,,
0.055896562,1.437838205,,,,,,,,,
0.055895783,1.437835903,,,,,,,,,
0.055895007,1.437833596,,,,,,,,,
0.055894233,1.437831283,,,,,,,,,
0.055893461,1.437828963,,,,,,,,,
0.055892691,1.437826637,,,,,,,,,
0.055891923,1.437824307,,,,,,,,,
0.055891158,1.437821971,,,,,,,,,
0.055890394,1.437819629,,,,,,,,,
0.055889634,1.437817282,,,,,,,,,
0.055888876,1.43781493,,,,,,,,,
0.05588812,1.437812573,,,,,,,,,
0.055887367,1.437810213,,,,,,,,,
0.055886618,1.437807848,,,,,,,,,
0.055885871,1.437805478,,,,,,,,,
0.055885126,1.437803102,,,,,,,,,
0.055884384,1.437800719,,,,,,,,,
0.055883643,1.437798332,,,,,,,,,
0.055882905,1.437795939,,,,,,,,,
0.055882169,1.43779354,,,,,,,,,
0.055881435,1.437791137,,,,,,,,,
0.055880704,1.437788727,,,,,,,,,
0.055879975,1.437786314,,,,,,,,,
0.055879248,1.437783897,,,,,,,,,
0.055878523,1.437781472,,,,,,,,,
0.0558778,1.437779044,,,,,,,,,
0.055877081,1.437776613,,,,,,,,,
0.055876363,1.437774175,,,,,,,,,
0.055875647,1.437771731,,,,,,,,,
0.055874934,1.437769283,,,,,,,,,
0.055874224,1.437766831,,,,,,,,,
0.055873517,1.437764376,,,,,,,,,
0.055872813,1.437761917,,,,,,,,,
0.055872111,1.437759454,,,,,,,,,
0.055871412,1.437756986,,,,,,,,,
0.055870715,1.437754515,,,,,,,,,
0.055870021,1.43775204,,,,,,,,,
0.05586933,1.437749562,,,,,,,,,
0.055868641,1.437747081,,,,,,,,,
0.055867956,1.437744597,,,,,,,,,
0.055867273,1.43774211,,,,,,,,,
0.055866592,1.43773962,,,,,,,,,
0.055865915,1.437737127,,,,,,,,,
0.05586524,1.437734631,,,,,,,,,
0.055864568,1.437732132,,,,,,,,,
0.055863899,1.437729631,,,,,,,,,
0.055863233,1.437727128,,,,,,,,,
0.05586257,1.437724621,,,,,,,,,
0.055861909,1.437722112,,,,,,,,,
0.055861252,1.437719601,,,,,,,,,
0.055860597,1.437717088,,,,,,,,,
0.055859945,1.437714573,,,,,,,,,
0.055859296,1.437712055,,,,,,,,,
0.05585865,1.437709536,,,,,,,,,
0.055858006,1.437707013,,,,,,,,,
0.055857364,1.437704487,,,,,,,,,
0.055856725,1.437701958,,,,,,,,,
0.055856089,1.437699428,,,,,,,,,
0.055855456,1.437696896,,,,,,,,,
0.055854826,1.437694364,,,,,,,,,
0.0558542,1.437691833,,,,,,,,,
0.055853576,1.437689299,,,,,,,,,
0.055852955,1.437686763,,,,,,,,,
0.055852336,1.437684225,,,,,,,,,
0.05585172,1.437681685,,,,,,,,,
0.055851106,1.437679144,,,,,,,,,
0.055850496,1.437676601,,,,,,,,,
0.055849888,1.437674057,,,,,,,,,
0.055849282,1.437671512,,,,,,,,,
0.05584868,1.437668965,,,,,,,,,
0.05584808,1.437666417,,,,,,,,,
0.055847483,1.437663869,,,,,,,,,
0.055846889,1.43766132,,,,,,,,,
0.055846298,1.437658771,,,,,,,,,
0.05584571,1.437656221,,,,,,,,,
0.055845126,1.437653672,,,,,,,,,
0.055844544,1.437651122,,,,,,,,,
0.055843964,1.437648572,,,,,,,,,
0.055843388,1.437646021,,,,,,,,,
0.055842814,1.43764347,,,,,,,,,
0.055842243,1.437640918,,,,,,,,,
0.055841674,1.437638367,,,,,,,,,
0.055841109,1.437635815,,,,,,,,,
0.055840546,1.437633263,,,,,,,,,
0.055839986,1.437630711,,,,,,,,,
0.055839427,1.437628157,,,,,,,,,
0.055838872,1.437625603,,,,,,,,,
0.055838319,1.43762305,,,,,,,,,
0.055837769,1.437620496,,,,,,,,,
0.055837222,1.437617941,,,,,,,,,
0.055836676,1.437615386,,,,,,,,,
0.055836134,1.43761283,,,,,,,,,
0.055835593,1.437610274,,,,,,,,,
0.055835056,1.437607719,,,,,,,,,
0.055834521,1.437605163,,,,,,,,,
0.055833988,1.437602606,,,,,,,,,
0.055833458,1.43760005,,,,,,,,,
0.05583293,1.437597494,,,,,,,,,
0.055832405,1.437594938,,,,,,,,,
0.055831882,1.437592381,,,,,,,,,
0.055831361,1.437589825,,,,,,,,,
0.055830843,1.437587268,,,,,,,,,
0.055830327,1.437584712,,,,,,,,,
0.055829813,1.437582155,,,,,,,,,
0.055829302,1.437579598,,,,,,,,,
0.055828793,1.437577042,,,,,,,,,
0.055828286,1.437574487,,,,,,,,,
0.055827782,1.437571932,,,,,,,,,
0.05582728,1.437569378,,,,,,,,,
0.05582678,1.437566822,,,,,,,,,
0.055826282,1.437564265,,,,,,,,,
0.055825786,1.437561709,,,,,,,,,
0.055825292,1.437559154,,,,,,,,,
0.055824801,1.4375566,,,,,,,,,
0.055824312,1.437554046,,,,,,,,,
0.055823826,1.437551493,,,,,,,,,
0.055823341,1.437548941,,,,,,,,,
0.055822859,1.437546388,,,,,,,,,
0.055822379,1.437543836,,,,,,,,,
0.055821902,1.437541288,,,,,,,,,
0.055821428,1.43753874,,,,,,,,,
0.055820954,1.437536189,,,,,,,,,
0.055820482,1.437533638,,,,,,,,,
0.055820011,1.437531087,,,,,,,,,
0.055819543,1.437528535,,,,,,,,,
0.055819076,1.437525984,,,,,,,,,
0.055818611,1.437523434,,,,,,,,,
0.055818148,1.437520883,,,,,,,,,
0.055817687,1.437518332,,,,,,,,,
0.055817228,1.437515781,,,,,,,,,
0.05581677,1.437513229,,,,,,,,,
0.055816313,1.437510675,,,,,,,,,
0.055815859,1.437508124,,,,,,,,,
0.055815408,1.437505578,,,,,,,,,
0.055814961,1.437503036,,,,,,,,,
0.055814516,1.437500495,,,,,,,,,
0.055814073,1.437497954,,,,,,,,,
0.055813631,1.437495414,,,,,,,,,
0.055813192,1.437492874,,,,,,,,,
0.055812754,1.437490333,,,,,,,,,
0.055812318,1.437487794,,,,,,,,,
0.055811884,1.437485255,,,,,,,,,
0.05581145,1.437482714,,,,,,,,,
0.055811017,1.43748017,,,,,,,,,
0.055810584,1.437477624,,,,,,,,,
0.055810152,1.437475078,,,,,,,,,
0.055809722,1.437472532,,,,,,,,,
0.055809293,1.437469985,,,,,,,,,
0.055808865,1.437467439,,,,,,,,,
0.055808439,1.437464891,,,,,,,,,
0.055808014,1.437462343,,,,,,,,,
0.05580759,1.437459796,,,,,,,,,
0.055807168,1.437457248,,,,,,,,,
0.055806748,1.437454699,,,,,,,,,
0.055806328,1.43745215,,,,,,,,,
0.05580591,1.437449602,,,,,,,,,
0.055805494,1.437447053,,,,,,,,,
0.055805079,1.437444504,,,,,,,,,
0.055804666,1.437441956,,,,,,,,,
0.055804255,1.437439407,,,,,,,,,
0.055803843,1.437436857,,,,,,,,,
0.055803433,1.437434307,,,,,,,,,
0.055803025,1.437431758,,,,,,,,,
0.055802619,1.437429209,,,,,,,,,
0.055802214,1.437426662,,,,,,,,,
0.055801811,1.437424117,,,,,,,,,
0.055801409,1.437421573,,,,,,,,,
0.055801009,1.437419029,,,,,,,,,
0.05580061,1.437416482,,,,,,,,,
0.055800211,1.437413933,,,,,,,,,
0.055799813,1.437411383,,,,,,,,,
0.055799416,1.437408832,,,,,,,,,
0.05579902,1.437406281,,,,,,,,,
0.055798625,1.437403729,,,,,,,,,
0.055798231,1.437401175,,,,,,,,,
0.055797837,1.437398621,,,,,,,,,
0.055797445,1.437396065,,,,,,,,,
0.055797053,1.437393508,,,,,,,,,
0.055796662,1.437390951,,,,,,,,,
0.055796272,1.437388393,,,,,,,,,
0.055795884,1.437385835,,,,,,,,,
0.055795496,1.437383276,,,,,,,,,
0.05579511,1.437380717,,,,,,,,,
0.055794725,1.437378157,,,,,,,,,
0.05579434,1.437375597,,,,,,,,,
0.055793957,1.437373035,,,,,,,,,
0.055793576,1.437370475,,,,,,,,,
0.055793196,1.437367915,,,,,,,,,
0.055792816,1.437365353,,,,,,,,,
0.055792437,1.43736279,,,,,,,,,
0.05579206,1.437360227,,,,,,,,,
0.055791683,1.437357663,,,,,,,,,
0.055791307,1.437355097,,,,,,,,,
0.055790932,1.437352532,,,,,,,,,
0.05579056,1.437349969,,,,,,,,,
0.055790189,1.437347404,,,,,,,,,
0.055789818,1.437344838,,,,,,,,,
0.055789449,1.437342272,,,,,,,,,
0.055789081,1.437339704,,,,,,,,,
0.055788713,1.437337136,,,,,,,,,
0.055788348,1.437334568,,,,,,,,,
0.055787983,1.437332002,,,,,,,,,
0.05578762,1.437329434,,,,,,,,,
0.055787257,1.437326865,,,,,,,,,
0.055786895,1.437324295,,,,,,,,,
0.055786534,1.437321724,,,,,,,,,
0.055786173,1.437319151,,,,,,,,,
0.055785814,1.437316577,,,,,,,,,
0.055785455,1.437314001,,,,,,,,,
0.055785097,1.437311425,,,,,,,,,
0.05578474,1.437308847,,,,,,,,,
0.055784384,1.437306266,,,,,,,,,
0.055784028,1.437303685,,,,,,,,,
0.055783674,1.437301103,,,,,,,,,
0.055783322,1.437298519,,,,,,,,,
0.05578297,1.437295935,,,,,,,,,
0.055782619,1.43729335,,,,,,,,,
0.05578227,1.437290765,,,,,,,,,
0.055781923,1.437288182,,,,,,,,,
0.055781576,1.437285598,,,,,,,,,
0.05578123,1.437283011,,,,,,,,,
0.055780885,1.437280423,,,,,,,,,
0.055780541,1.437277834,,,,,,,,,
0.055780197,1.437275243,,,,,,,,,
0.055779854,1.437272652,,,,,,,,,
0.055779512,1.437270061,,,,,,,,,
0.055779171,1.437267469,,,,,,,,,
0.055778831,1.437264875,,,,,,,,,
0.055778492,1.43726228,,,,,,,,,
0.055778153,1.437259682,,,,,,,,,
0.055777815,1.437257083,,,,,,,,,
0.055777478,1.437254482,,,,,,,,,
0.055777142,1.43725188,,,,,,,,,
0.055776807,1.437249276,,,,,,,,,
0.055776473,1.437246671,,,,,,,,,
0.055776141,1.437244065,,,,,,,,,
0.055775809,1.437241459,,,,,,,,,
0.055775479,1.437238851,,,,,,,,,
0.05577515,1.437236243,,,,,,,,,
0.055774822,1.437233633,,,,,,,,,
0.055774495,1.437231024,,,,,,,,,
0.055774169,1.437228413,,,,,,,,,
0.055773845,1.437225803,,,,,,,,,
0.055773522,1.437223191,,,,,,,,,
0.055773199,1.437220579,,,,,,,,,
0.055772878,1.437217966,,,,,,,,,
0.055772559,1.437215353,,,,,,,,,
0.05577224,1.437212739,,,,,,,,,
0.055771923,1.437210125,,,,,,,,,
0.055771607,1.43720751,,,,,,,,,
0.055771292,1.437204894,,,,,,,,,
0.055770978,1.437202276,,,,,,,,,
0.055770664,1.437199657,,,,,,,,,
0.055770352,1.437197037,,,,,,,,,
0.055770041,1.437194415,,,,,,,,,
0.05576973,1.437191792,,,,,,,,,
0.055769421,1.437189168,,,,,,,,,
0.055769113,1.437186543,,,,,,,,,
0.055768807,1.437183917,,,,,,,,,
0.055768501,1.437181289,,,,,,,,,
0.055768196,1.43717866,,,,,,,,,
0.055767892,1.437176029,,,,,,,,,
0.05576759,1.437173399,,,,,,,,,
0.055767289,1.437170767,,,,,,,,,
0.05576699,1.437168135,,,,,,,,,
0.055766691,1.437165503,,,,,,,,,
0.055766394,1.437162869,,,,,,,,,
0.055766098,1.437160235,,,,,,,,,
0.055765804,1.4371576,,,,,,,,,
0.055765511,1.437154965,,,,,,,,,
0.055765219,1.437152329,,,,,,,,,
0.055764929,1.437149692,,,,,,,,,
0.05576464,1.437147055,,,,,,,,,
0.055764352,1.437144417,,,,,,,,,
0.055764066,1.437141778,,,,,,,,,
0.05576378,1.437139137,,,,,,,,,
0.055763496,1.437136497,,,,,,,,,
0.055763214,1.437133856,,,,,,,,,
0.055762933,1.437131215,,,,,,,,,
0.055762654,1.437128573,,,,,,,,,
0.055762375,1.437125931,,,,,,,,,
0.055762098,1.437123287,,,,,,,,,
0.055761823,1.437120644,,,,,,,,,
0.055761549,1.437118,,,,,,,,,
0.055761276,1.437115355,,,,,,,,,
0.055761005,1.437112708,,,,,,,,,
0.055760734,1.437110061,,,,,,,,,
0.055760466,1.437107413,,,,,,,,,
0.055760198,1.437104764,,,,,,,,,
0.055759932,1.437102115,,,,,,,,,
0.055759667,1.437099464,,,,,,,,,
0.055759403,1.437096812,,,,,,,,,
0.05575914,1.43709416,,,,,,,,,
0.055758879,1.437091506,,,,,,,,,
0.055758619,1.437088852,,,,,,,,,
0.05575836,1.437086197,,,,,,,,,
0.055758103,1.437083542,,,,,,,,,
0.055757847,1.437080886,,,,,,,,,
0.055757593,1.437078228,,,,,,,,,
0.055757339,1.437075571,,,,,,,,,
0.055757088,1.437072913,,,,,,,,,
0.055756837,1.437070254,,,,,,,,,
0.055756589,1.437067594,,,,,,,,,
0.055756341,1.437064934,,,,,,,,,
0.055756095,1.437062273,,,,,,,,,
0.05575585,1.437059611,,,,,,,,,
0.055755607,1.437056949,,,,,,,,,
0.055755365,1.437054287,,,,,,,,,
0.055755125,1.437051624,,,,,,,,,
0.055754886,1.43704896,,,,,,,,,
0.055754649,1.437046296,,,,,,,,,
0.055754412,1.437043632,,,,,,,,,
0.055754178,1.437040966,,,,,,,,,
0.055753944,1.437038301,,,,,,,,,
0.055753713,1.437035635,,,,,,,,,
0.055753482,1.437032969,,,,,,,,,
0.055753253,1.437030301,,,,,,,,,
0.055753026,1.437027633,,,,,,,,,
0.055752799,1.437024964,,,,,,,,,
0.055752574,1.437022295,,,,,,,,,
0.055752351,1.437019625,,,,,,,,,
0.055752129,1.437016954,,,,,,,,,
0.055751908,1.437014281,,,,,,,,,
0.055751689,1.437011608,,,,,,,,,
0.055751471,1.437008935,,,,,,,,,
0.055751255,1.437006261,,,,,,,,,
0.05575104,1.437003587,,,,,,,,,
0.055750826,1.437000912,,,,,,,,,
0.055750614,1.436998238,,,,,,,,,
0.055750404,1.436995563,,,,,,,,,
0.055750194,1.436992887,,,,,,,,,
0.055749986,1.43699021,,,,,,,,,
0.055749779,1.436987531,,,,,,,,,
0.055749572,1.436984851,,,,,,,,,
0.055749368,1.436982171,,,,,,,,,
0.055749165,1.436979492,,,,,,,,,
0.055748963,1.436976811,,,,,,,,,
0.055748763,1.43697413,,,,,,,,,
0.055748563,1.436971448,,,,,,,,,
0.055748366,1.436968766,,,,,,,,,
0.055748169,1.436966083,,,,,,,,,
0.055747974,1.4369634,,,,,,,,,
0.05574778,1.436960716,,,,,,,,,
0.055747587,1.436958029,,,,,,,,,
0.055747395,1.436955341,,,,,,,,,
0.055747204,1.436952653,,,,,,,,,
0.055747015,1.436949964,,,,,,,,,
0.055746827,1.436947274,,,,,,,,,
0.055746639,1.436944584,,,,,,,,,
0.055746453,1.436941892,,,,,,,,,
0.055746269,1.4369392,,,,,,,,,
0.055746085,1.436936508,,,,,,,,,
0.055745903,1.436933815,,,,,,,,,
0.055745722,1.436931121,,,,,,,,,
0.055745542,1.436928426,,,,,,,,,
0.055745362,1.436925728,,,,,,,,,
0.055745184,1.436923032,,,,,,,,,
0.055745007,1.436920336,,,,,,,,,
0.055744831,1.436917637,,,,,,,,,
0.055744656,1.436914936,,,,,,,,,
0.055744481,1.436912233,,,,,,,,,
0.055744308,1.436909529,,,,,,,,,
0.055744135,1.436906823,,,,,,,,,
0.055743964,1.436904116,,,,,,,,,
0.055743793,1.436901407,,,,,,,,,
0.055743624,1.436898698,,,,,,,,,
0.055743455,1.436895988,,,,,,,,,
0.055743287,1.436893276,,,,,,,,,
0.055743121,1.436890565,,,,,,,,,
0.055742955,1.436887853,,,,,,,,,
0.055742791,1.43688514,,,,,,,,,
0.055742627,1.436882426,,,,,,,,,
0.055742465,1.436879711,,,,,,,,,
0.055742303,1.436876996,,,,,,,,,
0.055742142,1.43687428,,,,,,,,,
0.055741982,1.436871561,,,,,,,,,
0.055741822,1.436868842,,,,,,,,,
0.055741664,1.436866122,,,,,,,,,
0.055741507,1.436863402,,,,,,,,,
0.055741351,1.43686068,,,,,,,,,
0.055741196,1.436857957,,,,,,,,,
0.055741041,1.436855233,,,,,,,,,
0.055740888,1.436852508,,,,,,,,,
0.055740735,1.436849782,,,,,,,,,
0.055740583,1.436847055,,,,,,,,,
0.055740432,1.436844327,,,,,,,,,
0.055740281,1.436841596,,,,,,,,,
0.05574013,1.436838863,,,,,,,,,
0.055739982,1.436836133,,,,,,,,,
0.055739836,1.436833405,,,,,,,,,
0.055739691,1.436830679,,,,,,,,,
0.055739548,1.436827952,,,,,,,,,
0.055739404,1.43682522,,,,,,,,,
0.055739259,1.436822485,,,,,,,,,
0.055739115,1.436819749,,,,,,,,,
0.055738973,1.436817013,,,,,,,,,
0.05573883,1.436814275,,,,,,,,,
0.055738689,1.436811537,,,,,,,,,
0.055738548,1.436808798,,,,,,,,,
0.055738408,1.436806058,,,,,,,,,
0.055738269,1.436803317,,,,,,,,,
0.05573813,1.436800575,,,,,,,,,
0.055737992,1.436797832,,,,,,,,,
0.055737855,1.436795088,,,,,,,,,
0.055737719,1.436792344,,,,,,,,,
0.055737583,1.436789599,,,,,,,,,
0.055737449,1.436786854,,,,,,,,,
0.055737315,1.436784108,,,,,,,,,
0.055737181,1.436781362,,,,,,,,,
0.055737049,1.436778615,,,,,,,,,
0.055736917,1.436775867,,,,,,,,,
0.055736786,1.436773119,,,,,,,,,
0.055736656,1.43677037,,,,,,,,,
0.055736527,1.436767622,,,,,,,,,
0.055736399,1.436764873,,,,,,,,,
0.055736271,1.436762124,,,,,,,,,
0.055736144,1.436759374,,,,,,,,,
0.055736018,1.436756624,,,,,,,,,
0.055735892,1.436753874,,,,,,,,,
0.055735768,1.436751124,,,,,,,,,
0.055735643,1.436748373,,,,,,,,,
0.05573552,1.436745621,,,,,,,,,
0.055735397,1.436742869,,,,,,,,,
0.055735274,1.436740117,,,,,,,,,
0.055735153,1.436737365,,,,,,,,,
0.055735032,1.436734613,,,,,,,,,
0.055734912,1.43673186,,,,,,,,,
0.055734792,1.436729106,,,,,,,,,
0.055734673,1.436726352,,,,,,,,,
0.055734555,1.436723598,,,,,,,,,
0.055734437,1.436720843,,,,,,,,,
0.05573432,1.436718088,,,,,,,,,
0.055734203,1.436715333,,,,,,,,,
0.055734087,1.436712577,,,,,,,,,
0.055733972,1.436709822,,,,,,,,,
0.055733857,1.436707066,,,,,,,,,
0.055733743,1.43670431,,,,,,,,,
0.055733629,1.436701553,,,,,,,,,
0.055733516,1.436698796,,,,,,,,,
0.055733403,1.43669604,,,,,,,,,
0.055733291,1.436693283,,,,,,,,,
0.055733179,1.436690526,,,,,,,,,
0.055733069,1.436687769,,,,,,,,,
0.055732959,1.436685013,,,,,,,,,
0.055732849,1.436682255,,,,,,,,,
0.05573274,1.436679498,,,,,,,,,
0.055732631,1.436676741,,,,,,,,,
0.055732523,1.436673985,,,,,,,,,
0.055732415,1.436671227,,,,,,,,,
0.055732308,1.436668468,,,,,,,,,
0.0557322,1.436665709,,,,,,,,,
0.055732093,1.43666295,,,,,,,,,
0.055731987,1.436660191,,,,,,,,,
0.055731881,1.436657431,,,,,,,,,
0.055731775,1.436654671,,,,,,,,,
0.05573167,1.436651911,,,,,,,,,
0.055731565,1.436649151,,,,,,,,,
0.055731461,1.436646391,,,,,,,,,
0.055731357,1.436643632,,,,,,,,,
0.055731254,1.436640872,,,,,,,,,
0.055731152,1.436638113,,,,,,,,,
0.05573105,1.436635354,,,,,,,,,
0.055730948,1.436632595,,,,,,,,,
0.055730847,1.436629837,,,,,,,,,
0.055730746,1.436627079,,,,,,,,,
0.055730646,1.436624322,,,,,,,,,
0.055730547,1.436621565,,,,,,,,,
0.055730448,1.436618809,,,,,,,,,
0.05573035,1.436616053,,,,,,,,,
0.055730251,1.436613297,,,,,,,,,
0.055730153,1.436610539,,,,,,,,,
0.055730055,1.436607783,,,,,,,,,
0.055729958,1.436605026,,,,,,,,,
0.055729861,1.43660227,,,,,,,,,
0.055729765,1.436599515,,,,,,,,,
0.055729669,1.43659676,,,,,,,,,
0.055729574,1.436594006,,,,,,,,,
0.05572948,1.436591253,,,,,,,,,
0.055729386,1.4365885,,,,,,,,,
0.055729292,1.436585748,,,,,,,,,
0.055729199,1.436582996,,,,,,,,,
0.055729106,1.436580245,,,,,,,,,
0.055729014,1.436577494,,,,,,,,,
0.055728922,1.436574744,,,,,,,,,
0.055728831,1.436571994,,,,,,,,,
0.05572874,1.436569244,,,,,,,,,
0.055728649,1.436566495,,,,,,,,,
0.055728559,1.436563747,,,,,,,,,
0.055728469,1.436560999,,,,,,,,,
0.05572838,1.436558252,,,,,,,,,
0.05572829,1.436555505,,,,,,,,,
0.055728202,1.436552759,,,,,,,,,
0.055728114,1.436550014,,,,,,,,,
0.055728026,1.436547269,,,,,,,,,
0.055727939,1.436544525,,,,,,,,,
0.055727852,1.436541781,,,,,,,,,
0.055727765,1.436539038,,,,,,,,,
0.055727679,1.436536296,,,,,,,,,
0.055727594,1.436533554,,,,,,,,,
0.055727509,1.436530813,,,,,,,,,
0.055727424,1.436528073,,,,,,,,,
0.05572734,1.436525334,,,,,,,,,
0.055727256,1.436522596,,,,,,,,,
0.055727172,1.436519858,,,,,,,,,
0.05572709,1.436517122,,,,,,,,,
0.055727007,1.436514387,,,,,,,,,
0.055726925,1.436511652,,,,,,,,,
0.055726844,1.436508918,,,,,,,,,
0.055726762,1.436506185,,,,,,,,,
0.055726682,1.436503454,,,,,,,,,
0.055726602,1.436500723,,,,,,,,,
0.055726522,1.436497993,,,,,,,,,
0.055726442,1.436495264,,,,,,,,,
0.055726363,1.436492535,,,,,,,,,
0.055726284,1.436489808,,,,,,,,,
0.055726206,1.436487082,,,,,,,,,
0.055726129,1.436484358,,,,,,,,,
0.055726052,1.436481635,,,,,,,,,
